"","name","loudness","f0finenv","voicing","f0final","jitterlocal","jitterddp","shimmerlocal"
"1","2001A",1.64686094,432.048782352941,0.38845152,312.375070588235,0.0291155882352941,0.0242483529411765,0.0261537647058824
"2","2001B",2.65954851785714,370.373538163265,0.438514678571429,295.052608163265,0.0292335918367347,0.0250590816326531,0.0177270408163265
"3","2005A",3.20917336111111,390.07448504918,0.413756549295775,310.646063934426,0.0367183442622951,0.0301886721311475,0.0356205737704918
"4","2005B",1.64344883870968,326.073744,0.403104306451613,295.766391111111,0.0415169111111111,0.0338822444444444,0.0141058444444444
"5","2006A",1.60211328571429,379.094146166667,0.418434957142857,328.98924,0.03964545,0.0303515254237288,0.0616118166666667
"6","2006B",1.92778468421053,426.095485714286,0.416576245614035,338.432983333333,0.0393874285714286,0.0342226904761905,0.0286092380952381
"7","2007A",1.49275793333333,331.908312820513,0.388373311111111,302.714012820513,0.0395011153846154,0.0283349871794872,0.045266641025641
"8","2007B",2.43026378333333,370.634637529412,0.429840571428571,303.233487058824,0.0287135647058824,0.0225196352941176,0.0168786588235294
"9","2008A",3.19212164,358.294844193548,0.4364468,267.262151612903,0.0302699677419355,0.0191243870967742,0.0200375806451613
"10","2008B",1.52640728301887,303.549808,0.344534188679245,288.444596,0.02644768,0.0209644,0.02212976
"11","2009A",2.12178906153846,361.55500254902,0.407902138461538,332.197403921569,0.0279561764705882,0.0248782941176471,0.0195903725490196
"12","2009B",2.83665716901408,407.647683783784,0.447437943661972,343.765935135135,0.0320383513513514,0.0293836486486486,0.0291612702702703
"13","2010A",1.92692428787879,345.020025384615,0.521319212121212,290.794232692308,0.0273224509803922,0.0213629,0.0169242884615385
"14","2010B",2.9255282244898,372.236452875,0.477645875,279.4722475,0.0286495897435897,0.024629,0.0198938
"15","2012A",1.77972268421053,254.536088545455,0.339067463157895,263.579718181818,0.03077775,0.0253413181818182,0.0194038863636364
"16","2012B",1.34272795774648,377.598035483871,0.283555718309859,339.397267741935,0.0366022258064516,0.0319723225806452,0.0275012580645161
"17","2013A",3.00587995121951,300.856635555556,0.347955707317073,258.131592592593,0.0396797777777778,0.0332523703703704,0.0229117777777778
"18","2013B",3.00487552066116,275.480769038462,0.37366565,230.611653846154,0.0331127307692308,0.0255037450980392,0.0198141538461538
"19","2014A",2.89701092857143,315.06535,0.37295669047619,295.984713636364,0.0359822272727273,0.0255589545454545,0.0203384545454545
"20","2014B",1.88795244186047,367.605177368421,0.386703441860465,321.042928947368,0.0442295,0.0343343684210526,0.0600739473684211
"21","2015A",2.89213287234043,352.562171666667,0.468637063829787,287.365813888889,0.03192225,0.0265406111111111,0.0144254444444444
"22","2015B",2.11158946268657,353.152442181818,0.545008074626866,272.909130909091,0.0246127636363636,0.0210043888888889,0.00926298181818182
"23","2017A",2.97265287356322,356.862240138889,0.498717551724138,321.640975,0.0298149166666667,0.0263644444444444,0.0194669583333333
"24","2017B",1.70899264383562,401.153973220339,0.464276273972603,306.208811864407,0.0397554576271186,0.0311253728813559,0.0248972881355932
"25","2018A",2.58832706593407,323.885758550725,0.470232428571429,268.231444927536,0.0254724782608696,0.0216882753623188,0.0171021739130435
"26","2018B",2.00757790588235,382.925612894737,0.421513552941176,297.70185,0.0263804342105263,0.0202141052631579,0.0282913421052632
"27","2019A",2.86594721111111,390.513537837838,0.4770444,317.268136486486,0.036358972972973,0.0302272702702703,0.0194501351351351
"28","2019B",1.86778771428571,347.489859310345,0.507852485714286,288.083144827586,0.0409507701149425,0.0326234302325581,0.0356134712643678
"29","2020A",3.18372310091743,342.728397471264,0.446811458715596,302.92021954023,0.0305478850574713,0.0232046206896552,0.0359299885057471
"30","2020B",3.04144822619048,382.012905890411,0.459082607142857,320.234795890411,0.0325021232876712,0.0280671369863014,0.0265701780821918
"31","2022A",2.93606104918033,350.95851125,0.298245133333333,297.993284375,0.03567296875,0.02848925,0.0163199375
"32","2022B",2.117500046875,327.823854130435,0.351753682539683,315.280273913043,0.0277109347826087,0.0229984782608696,0.0173731739130435
"33","2023A",2.08274192920354,336.621411410256,0.456056867256637,271.336361538462,0.036932858974359,0.027228987012987,0.0166843974358974
"34","2023B",2.72877836144578,333.848070540541,0.441831024096386,295.939595945946,0.029752,0.0221971486486486,0.0228177162162162
"35","2024A",2.14501157352941,351.63110725,0.315933823529412,279.6012325,0.0339352,0.0269461025641026,0.014693775
"36","2024B",3.31458507462687,391.368943333333,0.316261044776119,297.09695,0.039887,0.0361670333333333,0.0257107
"37","2025A",2.45433945454545,395.171729411765,0.395187254545455,319.747838235294,0.0316124117647059,0.0265333235294118,0.0175550588235294
"38","2025B",2.92720001449275,391.085634897959,0.39624752173913,333.87893877551,0.0287770204081633,0.0219670408163265,0.0250311836734694
"39","2027A",2.7928586,371.903167666667,0.3440629625,298.238296666667,0.0278223,0.0231301333333333,0.0168089333333333
"40","2027B",2.80514036781609,325.608492413793,0.315401586206897,302.035213793103,0.0245505517241379,0.0235139827586207,0.0183744310344828
"41","2028A",3.16925002158273,367.65021443299,0.483457136690647,337.823140206186,0.0338516288659794,0.0261927319587629,0.0265649381443299
"42","2028B",2.06252139855072,315.052178611111,0.405305905797101,278.721005555556,0.0333368194444444,0.0237317638888889,0.0190325
"43","2032A",1.8269474017094,296.394830930233,0.372216147826087,296.231713953488,0.026766511627907,0.0217848095238095,0.0235023720930233
"44","2032B",2.83525633333333,315.245548714286,0.416828225225225,257.889938571429,0.0298855285714286,0.0223336666666667,0.0161118285714286
"45","2035A",3.14754609459459,353.703598791667,0.378340243243243,312.274060416667,0.0219243541666667,0.0188279791666667,0.0157979375
"46","2035B",2.05873748684211,367.38274372549,0.399448210526316,331.115762745098,0.0297806274509804,0.0236511960784314,0.0180857058823529
"47","2036A",1.51349225806452,347.909054285714,0.415948279569892,337.064804464286,0.0377192181818182,0.0366802909090909,0.0229489821428571
"48","2036B",3.40034673863636,356.881559814815,0.325055636363636,311.257444444444,0.0270902037037037,0.024737462962963,0.042266962962963
"49","2038A",1.6487774,237.529652564103,0.384378786666667,195.894031282051,0.0229768157894737,0.0215883947368421,0.0225630263157895
"50","2038B",2.86127851315789,290.608918392857,0.45450232,222.494619642857,0.0285927857142857,0.0222803636363636,0.0218791964285714
"51","2039A",2.03039244339623,282.485348153846,0.439640622641509,246.942681538462,0.0313915230769231,0.02282640625,0.02145534375
"52","2039B",1.56502267567568,314.783729885057,0.357562654545455,268.05045862069,0.0388730114942529,0.027945367816092,0.093939816091954
"53","2040A",1.71598314634146,344.8365976,0.422031012195122,281.963004,0.03155088,0.02706912,0.0298846
"54","2040B",1.46089713636364,383.804786181818,0.414645238636364,319.535914545455,0.0319996181818182,0.0236329090909091,0.0339782
"55","2041A",1.74899508870968,249.015277980392,0.357163532258065,244.716076470588,0.0294316666666667,0.0215410588235294,0.0219169019607843
"56","2041B",2.8290231,334.534486,0.368747175,282.406806,0.02969996,0.02452048,0.02428844
"57","2044A",2.31675092105263,398.11304698,0.529705412280702,314.141136,0.0322770202020202,0.0276372346938775,0.0163873434343434
"58","2044B",2.30344574444444,399.203264763158,0.462115755555556,319.970640789474,0.0358542105263158,0.0280549054054054,0.0196110263157895
"59","2045A",2.89947692473118,254.389542222222,0.402410043010753,261.132153333333,0.0358476444444444,0.0248768181818182,0.0178090444444444
"60","2045B",3.41907018644068,255.107130943396,0.286742299145299,276.982741509434,0.027050679245283,0.0201351320754717,0.0348504905660377
"61","2050A",2.25663218333333,334.134204276786,0.60528455,253.379990178571,0.0332806576576577,0.0284340909090909,0.0152460727272727
"62","2050B",2.92623663157895,394.09563010989,0.509209094736842,315.995089010989,0.0346732857142857,0.0262035384615385,0.0218873846153846
"63","2051A",2.56916974336283,318.332820733945,0.591396159292035,254.939786238532,0.0146583394495413,0.014015,0.0124089724770642
"64","2051B",1.54790920744681,291.540411548387,0.418797058510638,265.751568548387,0.0300633089430894,0.0236734918032787,0.0280987903225806
"65","2053A",3.12411104761905,367.506633170732,0.410489228571429,344.505102439024,0.0287411219512195,0.0271951219512195,0.0279702682926829
"66","2053B",2.61124822222222,379.269420779221,0.478214505050505,322.408855844156,0.034116051948052,0.0274072763157895,0.012971974025974
"67","2054A",2.56566485714286,365.257225151515,0.431393727272727,334.284749494949,0.0276790606060606,0.0207112222222222,0.0298280606060606
"68","2054B",2.11141459006211,383.792571866667,0.509195639751553,335.631154,0.0266930266666667,0.0208447333333333,0.0155408733333333
"69","2055A",3.38568104477612,374.420113851852,0.400381985074627,297.397100555556,0.0385023962264151,0.0257849622641509,0.0398669622641509
"70","2055B",2.16134374,422.450915625,0.58502656,314.805179166667,0.037739875,0.0313697291666667,0.0112747916666667
"71","2056A",3.05287918181818,329.31259727907,0.369419727272727,272.880181395349,0.0271737209302326,0.022363,0.0156320465116279
"72","2056B",1.60230732631579,325.755876555556,0.59064907368421,277.385554444444,0.0258179444444444,0.0218025444444444,0.0419435888888889
"73","2057A",2.93195287356322,408.163302567568,0.418420755813953,326.929221621622,0.0278905945945946,0.0233820675675676,0.0241340405405405
"74","2057B",3.07766397058824,376.561352325581,0.327727911764706,298.92408372093,0.0268707209302326,0.0208175348837209,0.0296156744186047
"75","2060A",1.7859465942029,333.789994385965,0.398844043478261,291.076214035088,0.0296688070175439,0.0234368596491228,0.0540837192982456
"76","2060B",1.40451654878049,239.753267647059,0.359460573170732,266.849235294118,0.0274017941176471,0.0241752352941176,0.0275057058823529
"77","2061A",1.67442330625,330.014408681319,0.410699962025316,301.161184615385,0.0309450111111111,0.0261112888888889,0.0371671868131868
"78","2061B",1.47145284079602,298.932657384615,0.34380384079602,310.835852307692,0.0462213384615385,0.0366196,0.037413734375
"79","2062A",1.89601546428571,362.656059375,0.44674775,267.35973125,0.0351,0.0266470625,0.0296025833333333
"80","2062B",2.90539657692308,301.513556107692,0.410044855769231,271.477746153846,0.03329184375,0.02166621875,0.0219046615384615
"81","2064A",1.84841075,339.210278243243,0.423483251968504,293.601094594595,0.0351230945945946,0.0229312837837838,0.0116245405405405
"82","2064B",3.06313230188679,381.846968947368,0.473725622641509,339.903806578947,0.0344857763157895,0.0257201578947368,0.0229926315789474
"83","2065A",1.82192495412844,375.038889468085,0.485562110091743,320.439630851064,0.0335795,0.0279959680851064,0.0214008617021277
"84","2065B",3.01105920689655,357.999464434343,0.43149399137931,322.302139393939,0.0307873838383838,0.0237178979591837,0.0264699191919192
"85","2067A",1.44311895652174,365.474469444444,0.241497804347826,306.650238888889,0.0372935555555556,0.0308352777777778,0.0405738888888889
"86","2067B",2.381216796875,351.77156862069,0.307547109375,293.810437931034,0.025109275862069,0.0155206896551724,0.0168349655172414
"87","2071A",2.84935512676056,388.596888852459,0.483560887323944,332.488349180328,0.032011737704918,0.0265150819672131,0.0179927213114754
"88","2071B",1.68636684210526,334.16250962963,0.408818092105263,293.198838888889,0.0339367407407407,0.0256106666666667,0.0169928148148148
"89","2072A",1.36712567567568,290.584570243902,0.379954445945946,281.084358536585,0.0308821219512195,0.0257361463414634,0.0384286341463415
"90","2072B",1.71106320408163,314.6017,0.42965106122449,276.839872222222,0.0427298611111111,0.0325416571428571,0.0245199166666667
"91","2073A",2.01999077906977,410.1243302,0.432564325581395,342.535716,0.04713752,0.03685832,0.02390254
"92","2073B",2.05262165346535,409.055783488372,0.50016399009901,349.783570930233,0.0379517441860465,0.0305232619047619,0.018980023255814
"93","2078A",2.79199084946237,300.478082852632,0.38453561827957,299.642355789474,0.0328302736842105,0.0233340638297872,0.0168903157894737
"94","2078B",2.04127727184466,330.3981734,0.52676040776699,307.093699333333,0.0306195066666667,0.0233110408163265,0.0170229266666667
"95","2079A",2.6767902,336.409481666667,0.501498525,272.467286111111,0.0228820555555556,0.0184888611111111,0.0228563611111111
"96","2079B",2.0285566875,341.345739655172,0.390208125,284.940524137931,0.0369198928571429,0.0324662962962963,0.0240123928571429
"97","2080A",1.48285754545455,375.511095652174,0.393957773195876,304.833704347826,0.0432758695652174,0.0329465652173913,0.0211146304347826
"98","2080B",1.77447248543689,333.383675,0.473646116504854,278.97610875,0.0364773875,0.0283627,0.0383553375
"99","2082A",2.32486331818182,337.48600137931,0.381446727272727,306.573556896552,0.0354292068965517,0.0312260344827586,0.0174457413793103
"100","2082B",2.73128671428571,366.152657575758,0.364552071428571,283.861009090909,0.022736,0.0178918787878788,0.0182810909090909
"101","2083A",1.20270477118644,356.751357619048,0.357998474576271,348.809493650794,0.0323960476190476,0.0313404920634921,0.0323891746031746
"102","2083B",2.56406428431373,391.192597647059,0.478499754901961,345.462807058824,0.0297510705882353,0.0240039647058824,0.0195699058823529
"103","2085A",2.89021077310924,301.415558421053,0.373672268907563,265.696647368421,0.0307802631578947,0.0259705526315789,0.0171608684210526
"104","2085B",1.63920482352941,296.980472,0.42182462745098,255.761713333333,0.0305193888888889,0.0251304719101124,0.0273239666666667
"105","2086A",1.86286323809524,336.239515344828,0.373105114285714,302.670175862069,0.0448765862068966,0.0347698620689655,0.046194775862069
"106","2086B",1.5784473853211,329.395496385542,0.453628935779817,317.140260240964,0.0355360120481928,0.0296597710843374,0.0570765421686747
"107","2087A",1.51965801694915,396.37126,0.335227271186441,324.483966666667,0.03921,0.0254038333333333,0.030085
"108","2087B",2.08142689655172,319.221904090909,0.528069913793103,268.994740909091,0.0245525909090909,0.0234448139534884,0.0160471363636364
"109","2089A",2.53436795945946,311.18216328,0.56827502027027,257.4207352,0.0246305528455285,0.0206795203252033,0.0153479024390244
"110","2089B",2.88948100724638,365.587874066038,0.430721188405797,307.599136792453,0.0433410188679245,0.0326658857142857,0.0214452358490566
"111","2090A",1.92370147777778,278.394127090909,0.410925693181818,275.163598181818,0.0328151636363636,0.0210134,0.0198425090909091
"112","2090B",2.7604762755102,321.532584222222,0.432949765306122,274.480935555556,0.0249541136363636,0.0197783409090909,0.0135981777777778
"113","2091A",1.49962422413793,361.014616774194,0.346895842105263,321.676783870968,0.034163064516129,0.0303399,0.0319133548387097
"114","2091B",2.76750395081967,409.865110822222,0.425627475409836,318.694515555556,0.0313122,0.0254345111111111,0.0240112666666667
"115","2092A",1.59293686904762,383.473583191489,0.393563277108434,324.87025106383,0.0336575106382979,0.0299283404255319,0.0348421489361702
"116","2092B",2.87837469491525,352.915987113402,0.554630627118644,302.706537113402,0.0346942680412371,0.0272059583333333,0.020137175257732
"117","2093A",2.69666949315068,429.656184166667,0.650386194444444,334.487295833333,0.0263016805555556,0.0216318194444444,0.0146999861111111
"118","2093B",2.58716071428571,473.962173015873,0.72535346031746,408.261855555556,0.0241756031746032,0.0216905396825397,0.0179234920634921
"119","2094A",1.74987750704225,301.924497297297,0.398483352112676,256.97932972973,0.0245778648648649,0.0212850540540541,0.0220205945945946
"120","2094B",1.5311518902439,299.453390285714,0.347778743902439,297.995451428571,0.0267826285714286,0.0205189428571429,0.0207539428571429
"121","2095A",2.95181552459016,323.356134727273,0.50909431147541,263.204992727273,0.0277856727272727,0.0235673272727273,0.0170712363636364
"122","2095B",1.4614449787234,313.93825,0.512262404255319,260.699369047619,0.0284361904761905,0.021472619047619,0.0498232857142857
"123","2096A",2.00069887378641,356.263830785714,0.501957873786408,298.332657142857,0.0393186428571429,0.0308910714285714,0.0178208285714286
"124","2096B",2.18174569642857,321.806613910256,0.495311571428571,277.573955128205,0.0230998076923077,0.018077358974359,0.0116290641025641
"125","2101A",2.85210045263158,382.121957349398,0.493191510638298,316.567589156627,0.0291085060240964,0.0228037228915663,0.0199581325301205
"126","2101B",2.49222913157895,398.203896515152,0.467680052631579,307.863598484848,0.0280598153846154,0.021978171875,0.0187783230769231
"127","2102A",2.92653296296296,358.76677,0.359971796296296,322.23720625,0.0350184583333333,0.0248721041666667,0.0184807916666667
"128","2102B",1.74859150943396,278.93392962963,0.332141301886792,274.02431962963,0.0311716,0.02434132,0.02399108
"129","2104A",1.87882007692308,402.17952,0.435082461538462,313.74535,0.0308402,0.0224826,0.0207257
"130","2104B",2.94803044827586,410.078083333333,0.395032896551724,325.815145833333,0.0275378333333333,0.0229155833333333,0.0187499166666667
"131","2105A",2.59730218965517,329.660305755556,0.468625517241379,270.815557777778,0.0245794318181818,0.0196325,0.0166588181818182
"132","2105B",2.18425357142857,254.273867473684,0.404323892857143,282.422576315789,0.0359262894736842,0.028788972972973,0.0162283947368421
"133","2107A",2.05271432352941,379.056637714286,0.428009036764706,323.944779047619,0.0293099523809524,0.0223658846153846,0.0257564952380952
"134","2107B",2.66423888157895,365.641757293478,0.406783848684211,311.049736956522,0.028640652173913,0.0245490217391304,0.0197368913043478
"135","2108A",1.46226185135135,370.938916444444,0.366886716216216,283.453215555556,0.0326115555555556,0.0243923333333333,0.026285
"136","2108B",3.52045093589744,382.800062264151,0.338802987179487,315.758118867925,0.0353779622641509,0.0259863773584906,0.0407771320754717
"137","2109A",1.46213324,284.207068571429,0.267306054054054,315.070961904762,0.0283891428571429,0.0250757142857143,0.0275352380952381
"138","2109B",3.25510595121951,376.323188636364,0.32395212345679,296.872002272727,0.0309521818181818,0.0233174318181818,0.0226265909090909
"139","2110A",2.0751243828125,377.531831711538,0.4125276015625,309.511607692308,0.0410017692307692,0.0343297307692308,0.02667375
"140","2110B",2.8199623271028,324.7438124,0.395640878504673,307.480925,0.0381652033898305,0.0327945,0.0191265762711864
"141","2111A",1.77386726890756,332.564924835165,0.369747521008403,316.242956043956,0.0343077692307692,0.0277564065934066,0.0311943406593407
"142","2111B",1.985874025,339.137338427083,0.384098525,299.074174583333,0.0286058723404255,0.0259874042553191,0.022376170212766
"143","2113A",1.78553815853659,357.985975833333,0.38192693902439,268.761714583333,0.0401604583333333,0.0310081041666667,0.0643881666666667
"144","2113B",1.6963377755102,300.399185438596,0.446220163265306,295.375826315789,0.040444298245614,0.0274201428571429,0.0340512631578947
"145","2114A",2.67021393877551,302.002818055556,0.519171673469388,242.572033333333,0.0303073888888889,0.0191377352941176,0.01538725
"146","2114B",1.86116165306122,296.89208,0.472851208333333,255.332314285714,0.0261209714285714,0.0212114571428571,0.0180819714285714
"147","2116A",2.00710344166667,436.649066916667,0.62846435,324.875178333333,0.0373132333333333,0.0347315666666667,0.0110539416666667
"148","2116B",1.84265946073298,372.788276442623,0.464972136125654,324.787640983607,0.0367248429752066,0.029575813559322,0.0130148114754098
"149","2118A",1.53444376923077,324.984196666667,0.341161038461538,285.599791666667,0.0254505,0.0194260833333333,0.0216427916666667
"150","2118B",2.97136178571429,346.797349,0.310752333333333,279.877725,0.0363957,0.02527875,0.020713
"151","2120A",1.28626905555556,319.415536363636,0.311419882352941,316.220027272727,0.0355199090909091,0.0296714545454545,0.0350811818181818
"152","2120B",2.99883171428571,424.48029,0.376414857142857,322.10499,0.0404784,0.0292991,0.023524
"153","2121A",1.79816170873786,381.031525223881,0.470331087378641,334.730841791045,0.0395988208955224,0.0327432835820896,0.034293223880597
"154","2121B",1.83031951908397,346.755052909091,0.336193251908397,321.472912727273,0.0455463818181818,0.0326136363636364,0.0818869454545455
"155","2122A",2.42962207142857,425.409991071429,0.488364880952381,346.88405,0.0318193571428571,0.0260933928571429,0.0270358571428571
"156","2122B",1.93464848965517,351.53355262963,0.546539896551724,313.620313333333,0.0361133333333333,0.029222962406015,0.0172019777777778
"157","2123A",1.61341838235294,361.1945355,0.422469029411765,333.55078,0.04650705,0.03579115,0.03061955
"158","2123B",2.81310190625,383.120711612903,0.5136265,320.203567741936,0.0362608064516129,0.0275046129032258,0.019086064516129
"159","2124A",1.90503036363636,428.732786486486,0.493263023255814,346.043167567568,0.0311441891891892,0.0261107297297297,0.0220624864864865
"160","2124B",1.70176723214286,370.674833829787,0.443019964285714,331.952674468085,0.032391170212766,0.0269097872340426,0.0368350638297872
"161","2125A",2.5630898490566,421.715986875,0.523392981132075,331.887347916667,0.0289674583333333,0.0205572708333333,0.0159510625
"162","2125B",2.27629645901639,362.961985471698,0.516716049180328,318.061516981132,0.04377025,0.0306863269230769,0.023083
"163","2129A",1.26880391578947,338.806404084507,0.446636336842105,303.464088732394,0.034471985915493,0.0255271690140845,0.052413985915493
"164","2129B",3.57677472043011,391.442549,0.325601010869565,320.769951666667,0.0450794,0.03182565,0.0475882666666667
"165","2130A",1.95413076344086,246.505714244898,0.41030664516129,227.059957142857,0.0207005306122449,0.0218449555555556,0.0215865102040816
"166","2130B",1.73262712643678,322.872197275862,0.423644379310345,273.238579310345,0.0326474482758621,0.0257813928571429,0.0182554137931034
"167","2131A",1.80997882285714,385.273389904762,0.425689268571429,344.331938888889,0.0341902936507937,0.027873592,0.0227507301587302
"168","2131B",2.84370365,366.577352375,0.515490064285714,344.1938025,0.0383568125,0.028175075,0.029083375
"169","2136A",2.27906821301775,323.549274153846,0.469757878787879,270.798830769231,0.0343999126213592,0.0275949215686275,0.0208459223300971
"170","2136B",1.61340472,340.949927428571,0.338645725714286,309.174172857143,0.0292605571428571,0.0255250144927536,0.0222102285714286
"171","2137A",3.04379078787879,365.988971724138,0.427777818181818,276.420224137931,0.0296836206896552,0.0218877586206897,0.0371548965517241
"172","2137B",3.0031305,384.766212903226,0.414299027777778,283.083974193548,0.0287165806451613,0.022199,0.0233150967741935
"173","2139A",3.11518138518519,319.825202448598,0.385463755555556,316.836087850467,0.0265539150943396,0.0216632169811321,0.0153961495327103
"174","2139B",1.96672533093525,290.724428404255,0.466313726618705,268.135234042553,0.0376115212765957,0.0240919042553191,0.0221992340425532
"175","2141A",2.16352366666667,396.655817581699,0.587970187878788,312.279979084967,0.0342173660130719,0.0293151710526316,0.0129796470588235
"176","2141B",2.00133076666667,326.774195714286,0.506933728571429,294.173337593985,0.0312424135338346,0.0250961060606061,0.0165661503759399
"177","2145A",1.64725542342342,347.321304137931,0.394112831775701,315.054290804598,0.0354918850574713,0.0271973103448276,0.0735488275862069
"178","2145B",1.91108352083333,389.721140746269,0.431319489583333,344.109304477612,0.0324714328358209,0.0241539850746269,0.0247909545454545
"179","2149A",2.52530271232877,310.465689085714,0.337472194444444,262.786957142857,0.0359835882352941,0.02973803125,0.0170967647058824
"180","2149B",2.09839739669421,346.231565813953,0.360436876033058,315.17726744186,0.0290674651162791,0.021907023255814,0.0203911162790698
"181","2150A",2.24961334285714,355.448592508475,0.507555253623188,284.573713559322,0.0341247606837607,0.0267708608695652,0.0223263898305085
"182","2150B",2.06841419727891,338.137344555556,0.597604965986395,320.670618253968,0.032448672,0.026950472,0.0206778968253968
"183","2151A",1.52240988,422.91872,0.417904291666667,342.93702,0.0426060666666667,0.0373732666666667,0.0219492666666667
"184","2151B",2.77797641463415,376.4127609375,0.501451756097561,319.240771875,0.03744765625,0.0292160625,0.0216043125
"185","2152A",1.33411231914894,334.997881123596,0.39909,300.708825842697,0.0344276516853933,0.0303611348314607,0.0360630224719101
"186","2152B",3.17160327878788,336.410527447368,0.411969987878788,305.291627192982,0.0331946396396396,0.0273625585585586,0.0179133274336283
"187","2153A",3.10092573170732,357.851558732394,0.383040235772358,302.042369014084,0.0332859718309859,0.0232327183098592,0.0177268873239437
"188","2153B",2.16878058474576,388.293895473684,0.550711372881356,295.970255789474,0.0377092315789474,0.0338172842105263,0.0137341684210526
"189","2154A",1.50224965354331,363.682173114754,0.363626842519685,317.249213442623,0.0306334745762712,0.0245132068965517,0.0215077966101695
"190","2154B",2.50559227058824,339.658786617647,0.451885435294118,286.314,0.0347839852941177,0.0252397647058824,0.0198526764705882
"191","2155A",1.50142069827586,347.884632142857,0.304120295652174,321.7763875,0.0374258571428571,0.0330844107142857,0.0391969642857143
"192","2155B",2.70882262135922,391.387080769231,0.424864825242718,330.399010989011,0.0321603516483516,0.0270833626373626,0.0149901428571429
"193","2157A",1.557749075,354.31781732,0.429061025,318.412814,0.02680414,0.0213154948453608,0.02085789
"194","2157B",1.35667600980392,234.387302765957,0.352146637254902,226.058934042553,0.0257801063829787,0.0225670217391304,0.0204851914893617
"195","2158A",1.75273128346457,297.585142729167,0.401055251968504,276.995939583333,0.0314490425531915,0.0268490434782609,0.0230543125
"196","2158B",2.20930737956204,339.718576247525,0.483682627737226,274.313402970297,0.030521099009901,0.0253342121212121,0.0197842871287129
"197","2160A",1.89224636363636,343.351202580645,0.410935623376623,302.748987096774,0.0386869677419355,0.0353032258064516,0.0293068709677419
"198","2160B",1.4096679382716,342.967286956522,0.226184935064935,292.772708695652,0.0441625217391304,0.0274826956521739,0.0338185217391304
"199","2161A",2.12940651111111,427.175340526316,0.527545134831461,344.903003947368,0.0290180657894737,0.0247833866666667,0.0187036184210526
"200","2161B",2.43321505194805,371.804459166667,0.551511545454546,315.987206944444,0.0309248194444444,0.0252019305555556,0.018969125
"201","2162A",1.73560964444444,346.014462881356,0.328481348148148,288.250184745763,0.035944593220339,0.0270607796610169,0.0207768813559322
"202","2162B",1.714800925,348.350198901099,0.41810129375,318.633993406593,0.0370351648351648,0.0301854395604396,0.0243317692307692
"203","2163A",2.68852934782609,335.006359777778,0.575042326086956,264.348002222222,0.0222299333333333,0.0186385555555556,0.0146263333333333
"204","2163B",1.56937276363636,377.449127619048,0.388277018181818,322.926235714286,0.0310827857142857,0.0244272857142857,0.0359207619047619
"205","2164A",1.78078376760563,376.533086153846,0.433515021126761,311.851777884615,0.0349215192307692,0.0251879134615385,0.0361041923076923
"206","2164B",3.6752773490566,346.312236981132,0.265624126213592,326.453820754717,0.0302877735849057,0.0256447358490566,0.0452835471698113
"207","2165A",1.67353867532468,374.05442411215,0.386132525974026,342.938501869159,0.0280234859813084,0.0247936635514019,0.0323525607476636
"208","2165B",1.5491848699187,353.997203252525,0.404584390243902,313.474091919192,0.0334036060606061,0.0289665816326531,0.0619067575757576
"209","2166A",1.42547913636364,365.740388666667,0.383253609090909,285.0980335,0.0341880333333333,0.0251348474576271,0.0219526166666667
"210","2166B",2.04413416296296,345.244857925926,0.665250303703704,279.733443703704,0.0290436567164179,0.0274913880597015,0.014326328358209
"211","2167A",1.65203715555556,276.762058375,0.322528626865672,271.545197222222,0.0299598857142857,0.02368575,0.0719032361111111
"212","2167B",0.47434868503937,310.349378333333,0.414583818181818,292.80025,0.0247076666666667,0.0317351666666667,0.0131598333333333
"213","2168A",3.0655281031746,290.377728550725,0.320208388888889,271.739611594203,0.0286940869565217,0.0219255588235294,0.026717652173913
"214","2168B",2.93431670992366,252.056096364865,0.383608580152672,247.361351351351,0.0292981369863014,0.0228552876712329,0.0219250945945946
"215","2169A",1.48159916504854,340.254767173913,0.360284737864078,287.731998913043,0.0380742380952381,0.029428119047619,0.0319646046511628
"216","2169B",2.49832020353982,384.581816,0.502974646017699,348.98781,0.0253355666666667,0.0227562777777778,0.0249176777777778
"217","2171A",1.38208724087591,251.354279,0.377004693430657,234.19202,0.0334148428571429,0.0294014428571429,0.0199658571428571
"218","2171B",1.64127589361702,324.007611904762,0.420088602836879,283.971978095238,0.0285188952380952,0.0235435192307692,0.0360380285714286
"219","2172A",2.02879570689655,370.876664636364,0.476037477011494,331.765806293706,0.0308135915492958,0.0232476338028169,0.0145123566433566
"220","2172B",2.08179005479452,395.487352151079,0.603013205479452,307.829346402878,0.0410069492753623,0.0339355579710145,0.0143030437956204
"221","2173A",2.07860465467626,344.554372327273,0.488730978417266,299.459299090909,0.0312847757009346,0.024210019047619,0.0277727314814815
"222","2173B",1.60473677631579,343.515939375,0.413308677631579,288.41622875,0.0346679493670886,0.0277495974025974,0.01937615
"223","2174A",2.84579795,318.1269915,0.46382865,297.4267675,0.0258577,0.021479925,0.01041235
"224","2174B",3.31081796190476,322.988905920635,0.345863855769231,312.88730952381,0.0381604126984127,0.030794380952381,0.020523253968254
"225","2175A",2.6202880942029,389.962571741573,0.374276416058394,326.414856179775,0.0327764157303371,0.0282016516853933,0.0247639213483146
"226","2175B",2.96707178095238,373.522508457831,0.374386780952381,309.848060240964,0.0285029878048781,0.0249136125,0.0186325542168675
"227","2176A",1.81158341721854,292.826638226667,0.390794715231788,281.646016,0.04066456,0.0306707945205479,0.0257032702702703
"228","2176B",3.12906642105263,312.157632584158,0.423668684210526,275.788088118812,0.03136497,0.0234886262626263,0.0215625445544554
"229","2177A",1.57486602247191,362.120572222222,0.380012617977528,306.411668888889,0.0347531555555556,0.0311451590909091,0.0310320666666667
"230","2177B",2.7246067761194,404.766134782609,0.538071029850746,343.02342173913,0.0308205869565217,0.0228827173913043,0.0294160434782609
"231","2178A",2.54228390839695,332.144298,0.413478915384615,286.627655208333,0.0219288854166667,0.0186318526315789,0.0161215
"232","2178B",2.39221069642857,368.878405951807,0.350571383928571,320.314161445783,0.0275084096385542,0.0210719390243902,0.0138876506024096
"233","2179A",1.54857717391304,386.847243230769,0.46229599122807,329.97994,0.0432198615384615,0.0343672,0.0299623692307692
"234","2179B",3.04398916062176,353.676965123967,0.436566725388601,309.813516528926,0.0313537583333333,0.0270726694915254,0.0192501404958678
"235","2180A",1.50202786956522,350.914708378378,0.274525637681159,297.521532432432,0.0294182777777778,0.0204939166666667,0.030173
"236","2180B",1.36655219117647,381.5817,0.356681735294118,334.145909090909,0.0331013636363636,0.0246393636363636,0.0215883181818182
"237","2181A",1.90761792523364,323.87634122449,0.333594869158878,258.37193877551,0.0282271428571429,0.0189827142857143,0.0220117551020408
"238","2181B",1.84688065333333,338.797782459016,0.402353315436242,307.623506557377,0.0428437868852459,0.0341244745762712,0.0263685737704918
"239","2182A",3.2609677254902,411.451012695652,0.422966215686275,331.123480434783,0.0316605,0.023522,0.0460501304347826
"240","2182B",1.97767584883721,364.665344054795,0.570223127906977,312.336553424658,0.0318658904109589,0.0236721232876712,0.0177014246575342
"241","2184A",1.74700833333333,320.376331846154,0.33182496031746,275.583944615385,0.0337928153846154,0.0250624307692308,0.0644651384615385
"242","2184B",1.84757939130435,298.218814459459,0.401885226086957,269.866243243243,0.0382962702702703,0.0275966216216216,0.0343524459459459
"243","2185A",2.90109085,356.540226530612,0.4028695875,309.463648979592,0.030496387755102,0.0277548163265306,0.0163344081632653
"244","2185B",2.07003272807018,379.504465656566,0.573774614035088,288.869882828283,0.0370941530612245,0.0307597346938775,0.0175909696969697
"245","2186A",2.18450723076923,429.527276060606,0.585160211538462,321.076415151515,0.0336249898989899,0.0298374444444444,0.0119635858585859
"246","2186B",2.20486290833333,389.233036666667,0.3575082,309.458121666667,0.0319237,0.0277265166666667,0.0215546333333333
"247","2187A",2.13424945783133,364.852675263158,0.339854915662651,310.0229,0.0328884736842105,0.0261210526315789,0.0238756140350877
"248","2187B",2.98323306603774,337.252841835821,0.364892396226415,295.873520895522,0.0332021818181818,0.0263336615384615,0.0162937910447761
"249","2189A",3.07575878571429,327.737211891892,0.427345328571429,269.545102702703,0.0358345833333333,0.0300495555555556,0.0296281944444444
"250","2189B",3.20616648387097,320.97553325,0.379078508196721,279.0311225,0.0294045,0.02035445,0.021563525
"251","2190A",2.17084507627119,324.849780584906,0.539440559322034,297.357583018868,0.031813,0.0257274285714286,0.0173654339622641
"252","2190B",2.79416463551402,326.88002,0.474340420560748,272.061593406593,0.0339036813186813,0.0252805824175824,0.0176274285714286
"253","2191A",3.12124816,421.36897969697,0.485861810810811,337.121425757576,0.029281196969697,0.0244351060606061,0.0223560606060606
"254","2191B",3.00289206944444,374.917135614035,0.517704436619718,347.655159649123,0.0315926140350877,0.0231230877192982,0.0256089649122807
"255","2193A",1.97552202298851,318.144699835294,0.403166715116279,296.641455294118,0.0309137176470588,0.0241993214285714,0.0170175882352941
"256","2193B",2.42497899166667,370.274814020619,0.4435032,326.527420618557,0.0322450206185567,0.0264924639175258,0.0189282371134021
"257","2194A",1.86262639175258,386.863730877193,0.409290195876289,298.181089473684,0.0409703157894737,0.0305314210526316,0.025580701754386
"258","2194B",1.08524009322034,316.167575675676,0.371992166666667,274.898543243243,0.0348981944444444,0.0294266666666667,0.0204183428571429
"259","2195A",1.89801818,311.92611375,0.3670888125,269.240904166667,0.0258626666666667,0.0219672083333333,0.02248825
"260","2195B",1.81439248214286,339.830897608696,0.524383107142857,293.020930434783,0.0374643695652174,0.0277087826086957,0.0175817826086957
"261","2196A",3.14694891304348,401.533189275362,0.428804252747253,322.36492173913,0.0353706956521739,0.0289321470588235,0.021675347826087
"262","2196B",2.05470489655172,375.864884025974,0.542147091954023,324.0161,0.0246458831168831,0.0198833116883117,0.0130500649350649
"263","2197A",1.5780813115942,263.429471891892,0.259211153284672,239.648924324324,0.0341823783783784,0.0249963513513514,0.0258527297297297
"264","2197B",1.81730723287671,231.817208831169,0.420972123287671,213.95915974026,0.0269368441558442,0.022466987012987,0.0289217532467532
"265","2198A",1.72563872327044,347.204608965517,0.485155018867925,352.91203908046,0.0483822068965517,0.039663183908046,0.029852183908046
"266","2198B",1.33294029268293,359.737056233766,0.367639056910569,314.925457142857,0.0447658311688312,0.032975974025974,0.0465807142857143
"267","2199A",1.33478349350649,353.265933292683,0.401057714285714,314.214437804878,0.0417841219512195,0.035837,0.029639012195122
"268","2199B",2.98670159459459,334.338813245455,0.435788114864865,316.33646,0.0301036181818182,0.0259627247706422,0.0176098818181818
"269","2201A",2.81310594017094,293.877842166667,0.335733153846154,283.630018333333,0.0290320166666667,0.0228215333333333,0.01895135
"270","2201B",3.16072116911765,272.764463876404,0.347078,291.401953932584,0.0352204659090909,0.0229048965517241,0.0285987159090909
"271","2202A",1.69579061585366,376.454127272727,0.453952402439024,337.80814,0.0392525454545455,0.0297138,0.0286987090909091
"272","2202B",1.47198381067961,298.807232807018,0.380543990291262,282.414849122807,0.0354575309734513,0.0257110973451327,0.0494144955752212
"273","2203A",1.78356385840708,428.575738356164,0.451427300884956,355.030326027397,0.0373462328767123,0.0282422739726027,0.032538397260274
"274","2203B",2.2722145030303,377.373471496403,0.472546284848485,321.243104316547,0.0332437338129496,0.0266267753623188,0.0159421079136691
"275","2204A",1.47578598507463,325.053797058824,0.439072181818182,293.031167647059,0.0397059705882353,0.0323403823529412,0.0175426764705882
"276","2204B",1.91312616666667,308.780942093023,0.410303756410256,272.201455813953,0.0398007209302326,0.0301766428571429,0.0220135348837209
"277","2205A",2.97149444303797,362.923234794118,0.457184594936709,294.346723529412,0.0315931470588235,0.0255889852941176,0.0214895588235294
"278","2205B",3.07943831578947,386.39749245283,0.426912877192982,284.320824528302,0.0285565849056604,0.0232577547169811,0.0257100377358491
"279","2206A",1.88243848251748,442.991277073529,0.631080601398601,335.902872058824,0.0293708970588235,0.0244439179104478,0.00935425735294118
"280","2206B",1.42990979532164,352.148427783784,0.477871905882353,338.807333783784,0.035520387755102,0.0267824829931973,0.0562733783783784
"281","2220A",2.66551044565217,310.826438181818,0.214394043478261,275.469290909091,0.0516167272727273,0.0343206363636364,0.0198860909090909
"282","2220B",2.88367554368932,368.762326538462,0.339495961165049,311.439011538462,0.0295267115384615,0.02318825,0.0200562884615385
"283","2221A",2.66397674561404,349.694854202899,0.496898543859649,297.211202898551,0.0310883623188406,0.0236539565217391,0.0170058695652174
"284","2221B",2.54935685585586,434.020232072072,0.631095801801802,330.370954054054,0.0274621621621622,0.0205992252252252,0.014103963963964
"285","2222A",2.2942697625,371.156833333333,0.468008658227848,338.831557777778,0.0416266,0.0337644666666667,0.0268789777777778
"286","2222B",1.43693113829787,391.840790909091,0.266312223404255,318.113131818182,0.0332292727272727,0.0284485,0.0170192272727273
"287","2223A",1.80345009090909,408.898237837838,0.519356837209302,341.2483,0.0426083513513514,0.0351053783783784,0.0280770540540541
"288","2223B",1.30740506,363.371995517241,0.4181003,323.719748275862,0.0300076896551724,0.0258275862068966,0.0129537931034483
"289","2224A",1.67618166666667,397.862891176471,0.429005683760684,323.585092647059,0.0444870588235294,0.0356162647058824,0.0255265882352941
"290","2224B",1.8155092147651,328.340361944444,0.474959771812081,295.512589814815,0.0402568796296296,0.031068125,0.0318486759259259
"291","2226A",1.79777772262774,345.769962170213,0.357319737226277,285.890143617021,0.0361382553191489,0.0289177311827957,0.0738317234042553
"292","2226B",2.25824365243902,307.621981166667,0.38698336196319,297.234552222222,0.0285228111111111,0.0210769,0.0181551111111111
"293","2227A",2.22594184615385,346.192416666667,0.460364333333333,312.09809375,0.0342077291666667,0.0302624791666667,0.0369949375
"294","2227B",2.26743341428571,343.124083152174,0.476748557142857,303.685569565217,0.0337028369565217,0.0290815326086957,0.0161132173913043
"295","2228A",2.82918004255319,393.250943636364,0.326634765957447,353.177245454545,0.0313180909090909,0.0265359636363636,0.0315998909090909
"296","2228B",1.52118070909091,341.737473775,0.405803427272727,318.054805375,0.0384424415584416,0.0301459350649351,0.0408736282051282
"297","2229A",2.00781649565217,344.031011818182,0.544099034782609,309.380432954545,0.0380755909090909,0.0288436136363636,0.015827091954023
"298","2229B",1.79934985576923,390.347565223881,0.514674269230769,346.562050746269,0.039633223880597,0.0282438805970149,0.0242045671641791
"299","2230A",1.74304228125,372.476755360825,0.44665865625,315.930706185567,0.0362319381443299,0.0300790618556701,0.025353381443299
"300","2230B",3.41141609876543,418.946073846154,0.384635345679012,325.227612307692,0.0328869384615385,0.0274454615384615,0.0439009846153846
"301","2231A",2.50965715,299.602655393258,0.55861902,246.695312359551,0.0192063483146067,0.0185294157303371,0.0149331235955056
"302","2231B",3.04431031168831,372.938589516129,0.397579831168831,326.27144516129,0.0321666290322581,0.0272320483870968,0.0168259838709677
"303","2232A",2.07072803278689,381.080894718447,0.497392237704918,323.936340776699,0.0298674901960784,0.024265702970297,0.0301866796116505
"304","2232B",2.74570213513514,381.306603125,0.483098391891892,282.6612859375,0.0266045625,0.0238120625,0.020498359375
"305","2233A",1.34467558450704,376.7267696875,0.416716957446809,328.120077083333,0.0349279479166667,0.0280578315789474,0.04553721875
"306","2233B",3.27631598412698,311.344220833333,0.31209080952381,306.507027777778,0.0375095694444444,0.0290218028169014,0.0254485972222222
"307","2234A",3.02451287179487,384.471034393939,0.456531756410256,318.113633333333,0.0286800303030303,0.0239776212121212,0.0232274848484848
"308","2234B",2.70984239655172,395.20801393617,0.504408310344828,300.808836170213,0.0312162978723404,0.0232493191489362,0.016552829787234
"309","2235A",2.61803174324324,392.274954385965,0.453281608108108,302.798173684211,0.0352991228070175,0.0275164285714286,0.0183601052631579
"310","2235B",2.16662297887324,366.040121111111,0.418363021276596,321.899280808081,0.0270001515151515,0.0231205979381443,0.0179872828282828
"311","2236A",1.50004812264151,331.369337246377,0.404917304761905,292.214292753623,0.0375625797101449,0.0260109420289855,0.0473503768115942
"312","2236B",2.19823979090909,403.452301234568,0.512476363636364,330.079916049383,0.0373441358024691,0.0281996666666667,0.0276966172839506
"313","2237A",1.55866685393258,322.920557727273,0.394637426966292,272.6771,0.0330880909090909,0.0205933333333333,0.0203001363636364
"314","2237B",2.50600335172414,400.125361308411,0.52499704137931,312.651314018692,0.0333117663551402,0.0251725327102804,0.0168325981308411
"315","2238A",1.29428505511811,305.633410566038,0.325135920634921,265.098341509434,0.0248822307692308,0.0223502307692308,0.0274114615384615
"316","2238B",1.78515050862069,355.532543737374,0.480604698275862,294.984024242424,0.031755404040404,0.0242040808080808,0.0381353333333333
"317","2239A",1.76623768421053,386.267351702128,0.484095192982456,326.855406382979,0.033266914893617,0.0276116808510638,0.0148452127659574
"318","2239B",3.25845943478261,356.4912821,0.441014485294118,317.093472,0.0275026,0.02013386,0.0287884
"319","2240A",1.84010080530973,279.487167639344,0.440542707964602,238.427416393443,0.0241456721311475,0.0186645409836066,0.0273461967213115
"320","2240B",1.7698717,328.520421666667,0.5070915375,265.419779411765,0.0415576435643564,0.02995629,0.0208048613861386
"321","2241A",1.61402303846154,400.825573362069,0.450463953846154,332.646644827586,0.0416133189655172,0.0362784482758621,0.0982248620689655
"322","2241B",1.55573562758621,327.842742014925,0.602129682758621,280.151473134328,0.046551223880597,0.0350231503759399,0.0294064328358209
"323","2242A",1.87364840789474,423.294776,0.46066604,313.235464444444,0.0440486444444444,0.0373339772727273,0.0301485333333333
"324","2242B",1.69294614782609,365.729333957143,0.420741895652174,303.357537142857,0.0400260428571429,0.0353804927536232,0.0189100285714286
"325","2243A",2.02747696402878,387.268791395349,0.458616316546763,312.011254651163,0.0378265813953488,0.0278625581395349,0.0205985581395349
"326","2243B",1.35811523021583,287.874224736842,0.369815107913669,265.772825263158,0.0335397837837838,0.0285969166666667,0.0182747368421053
"327","2244A",1.36334279032258,279.033379259259,0.324667693548387,289.514555555556,0.033826037037037,0.0303587407407407,0.0470981111111111
"328","2244B",1.89371905084746,346.675456744186,0.403152779661017,322.122574418605,0.0319021395348837,0.0256961627906977,0.0236428372093023
"329","2245A",1.86711370238095,353.741605,0.426307630952381,322.827554255319,0.0374093191489362,0.0293767765957447,0.027437170212766
"330","2245B",2.73720555614973,356.879317198113,0.453440577540107,319.912882075472,0.0323876320754717,0.025032,0.0264178301886792
"331","2246A",2.94951946938775,329.283448363636,0.451339653061224,280.8483,0.0363479272727273,0.0269396181818182,0.0183668909090909
"332","2246B",1.70867803846154,264.479424814815,0.401683567307692,246.673535185185,0.0300862037037037,0.0209143148148148,0.028841537037037
"333","2247A",1.64726571232877,334.154565517241,0.453887753424658,268.61929137931,0.0401664482758621,0.0280374655172414,0.0235156551724138
"334","2247B",3.50780602083333,285.465240545455,0.320083364583333,287.316874545455,0.0370073518518519,0.0278333018867925,0.0261460185185185
"335","2248A",2.57142848275862,323.359805384615,0.518932816091954,264.144565384615,0.0240167564102564,0.0196227105263158,0.0171001025641026
"336","2248B",1.83558015841584,337.120868313253,0.496060465346535,306.939180722892,0.0267340602409639,0.021423734939759,0.0125770240963855
"337","2249A",1.54592719047619,366.590360588235,0.382092961904762,281.563302941176,0.0310561176470588,0.0217915735294118,0.0249432985074627
"338","2249B",2.72143635338346,336.731160984615,0.395097556390977,289.966387692308,0.027569609375,0.0208165079365079,0.0202278125
"339","2250A",1.40323806578947,332.902375111111,0.450613355263158,347.661386666667,0.0404011111111111,0.0315172444444444,0.0233034545454545
"340","2250B",2.14611320779221,368.6981902,0.495605623376623,314.83337,0.04287256,0.03695454,0.01749926
"341","2251A",2.15498788421053,356.812175131579,0.501866947368421,314.139863157895,0.0335233552631579,0.0262534133333333,0.0149344473684211
"342","2251B",2.20796373846154,441.423963711538,0.529827746031746,329.845684615385,0.0367804807692308,0.0293313846153846,0.0208800192307692
"343","2252A",3.06385024509804,332.828256962025,0.442549696078431,275.045178481013,0.0277464871794872,0.0262206973684211,0.0188594430379747
"344","2252B",2.97693859793814,385.068229842697,0.489825608247423,308.250913483146,0.0319840112359551,0.0285705632183908,0.0231643820224719
"345","2253A",2.86668075816993,359.862268475248,0.437569352941176,327.944301980198,0.0386906435643564,0.0295877425742574,0.0209470594059406
"346","2253B",2.26829490265487,340.95154642029,0.365617902654867,304.219257971014,0.0365881029411765,0.0307661911764706,0.0174794927536232
"347","2254A",1.41967796899225,361.067765079365,0.376532546875,316.52986984127,0.0399865396825397,0.032078253968254,0.027580619047619
"348","2254B",2.22744257142857,320.355797580645,0.305535167701863,309.372283870968,0.0274886290322581,0.0218115322580645,0.0215863225806452
"349","2255A",2.21631128323699,360.9876834,0.567968630057804,297.061322,0.0385153624161074,0.0344175369127517,0.0140248724832215
"350","2255B",2.21679770430108,278.232772941176,0.496376795698925,268.757189215686,0.0322827549019608,0.0253777352941176,0.0194819607843137
"351","2256A",2.23688960330579,309.703613833333,0.367219223140496,331.485530833333,0.037665813559322,0.0251705593220339,0.0220791166666667
"352","2256B",1.72348763207547,360.543405428571,0.414204622641509,312.401831868132,0.0369930777777778,0.0284949777777778,0.0826613516483516
"353","2257A",1.52922975524476,329.623362643678,0.393186825174825,306.100949425287,0.0339458965517241,0.0287870588235294,0.0603003837209302
"354","2257B",2.0710408625,398.897541818182,0.415837575,326.365321212121,0.0339179545454545,0.028000696969697,0.0222327727272727
"355","2258A",2.87355372,403.874604029851,0.531245693333333,337.548305223881,0.0386282910447761,0.0303188496240601,0.0237352686567164
"356","2258B",2.26764741176471,331.685735393939,0.607397335294118,265.001427272727,0.0436707878787879,0.0384041472392638,0.0169066424242424
"357","2259A",1.69026761702128,348.85684,0.425199063829787,294.268637142857,0.0357031428571429,0.0255802857142857,0.0167775142857143
"358","2259B",1.85865668656716,309.662635714286,0.417985323076923,258.018919047619,0.0334376904761905,0.0265533571428571,0.0237817142857143
"359","2260A",2.10042853571429,396.93369932967,0.454483919642857,354.979828571429,0.0365537252747253,0.0290129333333333,0.026145021978022
"360","2260B",2.59537878991597,429.490542155172,0.551365756302521,330.664913793103,0.0281345,0.0235741929824561,0.0166702327586207
"361","2261A",2.00210306666667,314.646454545455,0.394316106666667,254.276772727273,0.0322629696969697,0.027635625,0.0328505151515152
"362","2261B",2.84566496774194,304.597851538462,0.422682147540984,297.437592307692,0.0369040769230769,0.0331484230769231,0.0152361153846154
"363","2262A",1.8845158828125,366.224771527778,0.3688120546875,289.770181944444,0.030127625,0.0229997083333333,0.0164387323943662
"364","2262B",3.03085917054264,353.139176415094,0.483371348837209,338.364140566038,0.0247538018867925,0.0193303018867925,0.0190236509433962
"365","2263A",1.379291224,322.71039744186,0.347739975609756,275.608648837209,0.0286447441860465,0.0223471428571429,0.0189702790697674
"366","2263B",3.16137467676768,289.045955151515,0.411992717171717,271.024406060606,0.0321728787878788,0.03344946875,0.0202111515151515
"367","2264A",1.84135636170213,336.562755,0.383725936170213,280.156529411765,0.028037,0.0245797352941176,0.0329883529411765
"368","2264B",2.7420633255814,369.767810354839,0.438014372093023,279.640890322581,0.037166064516129,0.0250218666666667,0.0206569032258065
"369","2265A",2.77735994,361.9569565,0.43612022,313.5848475,0.032248775,0.0244142,0.0192481
"370","2265B",3.38704882692308,358.343809096774,0.361036576923077,312.597706451613,0.038094,0.0362012333333333,0.0334273870967742
"371","2266A",1.65496647457627,329.923070930233,0.435679305084746,296.05161627907,0.0365136976744186,0.0310919285714286,0.0472443488372093
"372","2266B",2.10477996923077,300.487932368421,0.481945769230769,301.831494736842,0.0251169210526316,0.0170270526315789,0.0153427105263158
"373","2267A",1.74666335555556,359.42012109589,0.368635866666667,321.997671232877,0.0384074383561644,0.0295451232876712,0.0261359444444444
"374","2267B",2.80139063870968,377.655822122222,0.437586658064516,323.167595555556,0.0365489101123595,0.0284209101123595,0.0262197888888889
"375","2268A",1.81728883333333,348.820851617647,0.363380920353982,305.845261764706,0.0354934411764706,0.0268239852941176,0.0260981764705882
"376","2268B",1.87387046808511,344.266562909091,0.525920985815603,301.278976363636,0.0304114545454545,0.0210223454545455,0.0137334181818182
"377","2269A",3.28363291025641,440.333036774194,0.413387269230769,336.608593548387,0.0311809677419355,0.0236681774193548,0.0345406612903226
"378","2269B",1.96407189534884,399.513373513513,0.340324976744186,328.227354324324,0.0457453783783784,0.0362729722222222,0.068177027027027
"379","2270A",1.95679508510638,361.036584393939,0.474318606382979,321.155631818182,0.0370559692307692,0.0303415846153846,0.0245874090909091
"380","2270B",3.5303312,303.665228205128,0.30802032,289.063717948718,0.0378488205128205,0.0350945526315789,0.036920641025641
"381","2271A",1.63763436144578,318.8892409375,0.325732313253012,325.305525,0.05416878125,0.04412765625,0.02041525
"382","2271B",3.48104040350877,387.032394193548,0.310476410714286,326.468980645161,0.0454361935483871,0.0295866129032258,0.0477245806451613
"383","2272A",3.50008876923077,285.234444680851,0.291778141025641,274.286612765957,0.0285579787234043,0.022430914893617,0.0448752340425532
"384","2272B",3.05705673626374,347.4447858,0.298360538461538,301.416196,0.02833004,0.01960488,0.02451984
"385","2273A",1.78137964772727,341.711987962963,0.395245943181818,291.732624074074,0.0457648703703704,0.0338353333333333,0.0292981111111111
"386","2273B",2.12997845384615,328.022071764706,0.489811746153846,305.323229411765,0.0310319176470588,0.0253169642857143,0.0175941647058824
"387","2274A",1.96270308510638,368.922934615385,0.346369765957447,320.913765384615,0.028238,0.0225147307692308,0.0216319423076923
"388","2274B",2.22145415853659,405.177462372881,0.553990134146341,344.509752542373,0.038946779661017,0.0304460338983051,0.0188781525423729
"389","2275A",1.96721294067797,303.1703803375,0.390795601694915,259.138225,0.0283682151898734,0.0203886835443038,0.0188861375
"390","2275B",1.93487921238938,272.485833549296,0.362890876106195,277.181466197183,0.0319890985915493,0.0287088970588235,0.0178152816901408
"391","2276A",1.76407422535211,368.861913043478,0.41529623943662,318.361997826087,0.0360018913043478,0.0264660869565217,0.0429189782608696
"392","2276B",1.71246215686275,278.180958674419,0.37553765,307.198277906977,0.0286961428571429,0.0227451,0.0196801627906977
"393","2277A",2.9041504214876,307.9448589875,0.447845181818182,253.1855675,0.0341632405063291,0.0248970886075949,0.015311875
"394","2277B",2.13353882575758,328.935792987013,0.471430765151515,256.078606493506,0.0343945324675325,0.0282757368421053,0.0216616493506494
"395","2278A",1.77010709189189,303.790867458716,0.489582713513514,256.772644954128,0.0314727685185185,0.0264788691588785,0.0614839537037037
"396","2278B",2.73560817241379,281.915484615385,0.345562924137931,260.046978846154,0.0314695,0.02645,0.0230435961538462
"397","2279A",2.10828826732673,421.099967213115,0.456633930693069,336.977878688525,0.0328679672131148,0.0299187704918033,0.0270643606557377
"398","2279B",2.58082192753623,375.975725105691,0.527700275362319,306.664873170732,0.0261287295081967,0.022746131147541,0.0178427049180328
"399","2280A",2.27942715068493,324.19154875,0.481869315068493,272.9157925,0.029068,0.02089815,0.020363
"400","2280B",2.51524837837838,316.612558103448,0.456914767123288,274.990468965517,0.0311156206896552,0.0282470862068966,0.0164664655172414
"401","2281A",2.61008275,356.911602934783,0.449887357142857,319.875122826087,0.0310798152173913,0.0237242065217391,0.0192977282608696
"402","2281B",2.54202724603175,383.291979339623,0.437144612903226,323.158772641509,0.0318210566037736,0.0242820666666667,0.017566820754717
"403","2282A",2.12227340816327,430.851414875,0.611162846938776,325.046848958333,0.0319724736842105,0.0253390421052632,0.01244325
"404","2282B",2.40992495945946,339.931056170213,0.36780722972973,284.557174468085,0.0388536170212766,0.0306340425531915,0.0151182127659574
"405","2283A",1.99238972641509,362.630569180328,0.328605113207547,315.906801639344,0.0296701967213115,0.0233540983606557,0.0206576557377049
"406","2283B",1.84335565413534,230.770781071429,0.381223796992481,226.560069642857,0.0236346785714286,0.0243197169811321,0.02192325
"407","2284A",2.45377959090909,443.688457916667,0.481678306818182,334.004113888889,0.0323214444444444,0.0267733055555556,0.0213268611111111
"408","2284B",2.880751925,378.74196592,0.366031521008403,317.943044,0.0291610533333333,0.0250656486486486,0.0186233333333333
"409","2285A",2.11854472580645,360.089556428571,0.351454032258065,319.999797619048,0.0314419761904762,0.0252149523809524,0.0294824523809524
"410","2285B",1.58645574137931,347.177549275362,0.438568155172414,297.250072463768,0.0321335362318841,0.0232054925373134,0.0217308405797101
"411","2286A",1.43811820895522,324.453788095238,0.401863402985075,314.040280952381,0.0390712261904762,0.0353591071428571,0.0219788571428571
"412","2286B",2.07459442727273,340.853470539326,0.517074745454545,286.293043820225,0.0380158988764045,0.028218908045977,0.0133353707865169
"413","2287A",2.06428572916667,363.776463402778,0.4691651875,314.729358333333,0.0228441408450704,0.0192744142857143,0.0131637605633803
"414","2287B",2.5096970952381,347.94675046988,0.457725771428571,322.370138554217,0.0249582530120482,0.021181256097561,0.0146998780487805
"415","2288A",2.93296130612245,357.018987652174,0.397758724489796,309.422368115942,0.0302690147058824,0.0238878382352941,0.0198727971014493
"416","2288B",2.24891356551724,376.733466521739,0.54496024137931,317.654116521739,0.0365624173913043,0.0317392456140351,0.015893
"417","2290A",2.24712422222222,297.401940119048,0.4207998,262.925651190476,0.0389194642857143,0.0278566746987952,0.0198244096385542
"418","2290B",1.55003191869919,308.72610223301,0.42050562295082,292.729770873786,0.0357193398058252,0.0275389411764706,0.0422237475728155
"419","2291A",1.63513662962963,339.43052325,0.377291987654321,264.81619,0.036658125,0.025447175,0.024551675
"420","2291B",2.45709136666667,370.890437285714,0.452195404494382,309.493801428571,0.0393385142857143,0.0307683970588235,0.0229306714285714
"421","2292A",2.97612415384615,397.926573313131,0.487066326923077,322.974050505051,0.0301825858585859,0.0238330102040816,0.0216419494949495
"422","2292B",3.03605007070707,412.094886744186,0.497233,312.087034883721,0.0298038604651163,0.0236890813953488,0.0181208372093023
"423","2293A",1.6150195,389.53371875,0.406402305084746,323.74584375,0.03941159375,0.0359689375,0.02620996875
"424","2293B",2.80078157746479,398.574958135593,0.485311577464789,334.760493220339,0.0375637118644068,0.0267948474576271,0.0252763220338983
"425","2294A",1.88216018627451,285.204077037037,0.516391450980392,250.196344444444,0.0303271666666667,0.0240118148148148,0.0239238888888889
"426","2294B",2.812194765625,288.050102645161,0.447858578125,268.246693548387,0.0439094193548387,0.0347790967741936,0.0127805483870968
"427","2295A",2.61707765591398,341.504695945946,0.521302096774194,274.185560810811,0.0236462972972973,0.019034527027027,0.0146699864864865
"428","2295B",3.25176907792208,379.460608333333,0.324111337662338,311.613947222222,0.0348803055555556,0.0271088888888889,0.0230362222222222
"429","2296A",1.39899807692308,333.599500833333,0.310806269230769,276.755041666667,0.0290760416666667,0.0233310416666667,0.0230424166666667
"430","2296B",1.62449726530612,310.44288,0.315217673469388,308.092091666667,0.04150225,0.04857725,0.0355555
"431","2297A",1.91888413076923,367.036851791045,0.450105153846154,295.132376119403,0.0445221343283582,0.0320341641791045,0.0275601044776119
"432","2297B",2.7103362421875,358.044985903226,0.4666622734375,297.647937634409,0.034869847826087,0.0260225164835165,0.0218593548387097
"433","2298A",1.8390283943662,414.253378036364,0.390103442857143,344.908012727273,0.0376483148148148,0.028601537037037,0.0166594181818182
"434","2298B",1.76565563636364,398.961937368421,0.500785,362.55529122807,0.0405861403508772,0.0333185964912281,0.0172514035087719
"435","2299A",2.04341905376344,370.603516029412,0.389466791208791,286.916360294118,0.0413564117647059,0.0286316470588235,0.0168687647058824
"436","2299B",1.71109195145631,344.789057704918,0.409532621359223,294.018257377049,0.0335131147540984,0.0294199016393443,0.0168057049180328
"437","2300A",3.239940703125,361.216935842697,0.38855471875,345.280092134831,0.0235724269662921,0.0175490344827586,0.0301227078651685
"438","2300B",1.93104909459459,407.448672580645,0.469940630136986,311.548562903226,0.0339793064516129,0.0293241290322581,0.0165927580645161
"439","2301A",3.50708522033898,352.9973194,0.308257982758621,277.68174,0.0305650666666667,0.0320955,0.0433423333333333
"440","2301B",1.93816842105263,287.399297058824,0.443880342105263,281.224011764706,0.0544145882352941,0.0395621764705882,0.0159712352941176
"441","2302A",1.89628955421687,356.393473731343,0.48234521686747,327.097513432836,0.0362639104477612,0.0261709848484848,0.0296702089552239
"442","2302B",1.84053398214286,359.610286115385,0.498270767857143,291.552248076923,0.0371779215686275,0.02818254,0.0249985576923077
"443","2303A",2.43375023846154,322.772807,0.304619592307692,267.7053,0.03485055,0.029454525,0.021417725
"444","2303B",1.7445048125,349.686755416667,0.382789947916667,299.550066666667,0.0353259166666667,0.0267377708333333,0.0259746875
"445","2304A",1.67055434693878,393.494784117647,0.325237010204082,317.040637254902,0.0354174901960784,0.0287207254901961,0.0448582941176471
"446","2304B",1.9074381,321.239266595745,0.401992142857143,310.947014893617,0.0319048085106383,0.0272270638297872,0.0240864255319149
"447","2305A",1.29857557843137,371.55678395082,0.357062637254902,313.161518032787,0.0341539672131148,0.0267114426229508,0.0369656229508197
"448","2305B",2.95769966929134,333.310446853211,0.533519173228346,321.470547706422,0.0374866513761468,0.0327857247706422,0.0196017981651376
"449","2306A",1.506624184,383.142983947368,0.268855656,300.981763157895,0.0327028684210526,0.0240132631578947,0.0182815
"450","2306B",2.8284850989011,311.316171346154,0.290170626373626,296.106973076923,0.0280649230769231,0.0250346730769231,0.0210486730769231
"451","2307A",2.3119135862069,319.564135901639,0.395793137931034,271.010881967213,0.0309557704918033,0.0249597333333333,0.0205792786885246
"452","2307B",1.71164857291667,340.77521025641,0.327357104166667,301.869335897436,0.0307650256410256,0.0257082820512821,0.0325937179487179
"453","2308A",2.0985491147541,433.92452255814,0.376629033333333,314.393276744186,0.0320986744186047,0.0263299069767442,0.0189300930232558
"454","2308B",1.91561516666667,396.05965969697,0.414809222222222,314.228463030303,0.0367649032258065,0.0284906666666667,0.0212890625
"455","2309A",2.14379750561798,326.098207438356,0.507136,292.736612328767,0.0280063424657534,0.0221874444444444,0.0146501527777778
"456","2309B",2.97793602197802,302.662276481481,0.458233516483517,283.485625925926,0.0371911851851852,0.033058679245283,0.0210326851851852
"457","2310A",1.8856140776699,324.520195573333,0.499226647058824,252.768438666667,0.0269482567567568,0.021316904109589,0.0176159866666667
"458","2310B",1.8952863963964,329.087645272727,0.413259342342342,264.543601818182,0.0330810909090909,0.0260072545454545,0.0204562909090909
"459","2311A",1.86103441975309,376.049107317073,0.3277526625,303.600251219512,0.0314964390243902,0.0259614390243902,0.0226207073170732
"460","2311B",2.43812922289157,312.50013012987,0.331016181818182,301.997435064935,0.0246767236842105,0.0217604342105263,0.0239804155844156
"461","2312A",2.23842612621359,381.30905047619,0.525897223300971,346.245768253968,0.0403395714285714,0.0329744761904762,0.0233742063492063
"462","2312B",2.01344948695652,411.0962368,0.593149495652174,349.565373,0.0342858,0.02677646,0.01998265
"463","2313A",2.99627352083333,297.970942985075,0.413913336842105,239.567197014925,0.0282516666666667,0.025857196969697,0.0191002575757576
"464","2313B",1.72232678301887,274.3659758,0.376290169811321,237.507704,0.0354864897959184,0.0247295510204082,0.02649956
"465","2314A",1.74342564935065,354.227595833333,0.400305857142857,305.297151666667,0.0265987666666667,0.02093435,0.0328636666666667
"466","2314B",2.77373677777778,350.664170491803,0.389490435185185,298.630921311475,0.032367737704918,0.0296013770491803,0.0199019672131148
"467","2315A",2.2234037125,398.151832777778,0.332209341772152,315.677524074074,0.0328617777777778,0.0263932592592593,0.0208901296296296
"468","2315B",3.03328296491228,301.573968114754,0.353236412280702,271.551027868852,0.0328273770491803,0.0249722,0.0205779016393443
"469","2316A",1.95162395890411,383.858082894737,0.334275726027397,315.425336842105,0.0295245,0.0211617105263158,0.0218086315789474
"470","2316B",3.01426639705882,290.264777173913,0.313783044117647,259.324515217391,0.0321851739130435,0.0269460652173913,0.0197718695652174
"471","2317A",1.997161185,304.398467904,0.426079335,262.0749296,0.028895704,0.0238047235772358,0.02365576
"472","2317B",2.24189762921348,290.434460582524,0.47063706741573,263.436648543689,0.0315506019417476,0.0240756213592233,0.020124359223301
"473","2318A",2.07968354444444,380.553187446809,0.354255866666667,308.178189361702,0.0336833191489362,0.0251803913043478,0.0220402978723404
"474","2318B",2.18337371276596,344.691225478261,0.441580010638298,285.596462318841,0.0296150735294118,0.0267130303030303,0.0119377941176471
"475","2319A",2.29680959124088,346.807180534351,0.603090569343066,267.64168778626,0.0337702076923077,0.0283101307692308,0.0173245801526718
"476","2319B",2.314252672,376.027934855856,0.590005919354839,311.316291891892,0.0378622454545455,0.0332608454545455,0.0169603119266055
"477","2320A",2.53185971171171,330.346203676471,0.375766306306306,293.149547058824,0.0413363823529412,0.0298733823529412,0.0192065882352941
"478","2320B",2.5902739516129,285.874496612903,0.411207211382114,270.798043548387,0.0352509677419355,0.0275471666666667,0.0167726935483871
"479","2323A",1.18658628235294,270.8895105,0.343397741176471,267.88598,0.04275125,0.02910555,0.0239233333333333
"480","2323B",2.43619777272727,391.563482156863,0.526488151515151,315.207860784314,0.0401057843137255,0.0313557843137255,0.0249997843137255
"481","2324A",1.86678764615385,402.819642222222,0.4001128125,345.141113333333,0.0292722444444444,0.0236278222222222,0.0353467111111111
"482","2324B",2.86724228571429,394.212271666667,0.445349028571429,332.531542592593,0.0281611851851852,0.0216145,0.0225118518518519
"483","2325A",2.34650614545455,369.881346354167,0.429234236363636,325.027365625,0.03050753125,0.0250533229166667,0.01989665625
"484","2325B",2.796781592,340.703018364706,0.383187379032258,320.714152941176,0.0256642117647059,0.0231039294117647,0.0198884823529412
"485","2326A",2.00605736363636,344.240182053571,0.417895897727273,316.273998214286,0.0433231071428571,0.0338104107142857,0.0189767321428571
"486","2326B",1.94547441176471,322.909730384615,0.458220364705882,314.300757692308,0.04820975,0.0381878269230769,0.0223270192307692
"487","2327A",1.76006111827957,370.806049090909,0.465212010752688,307.572825974026,0.0423103506493506,0.0300993246753247,0.0217401298701299
"488","2327B",1.9083388125,429.054769090909,0.3531787875,342.087729090909,0.0337021454545455,0.0252468909090909,0.0271726363636364
"489","2328A",1.68428276153846,324.001767794118,0.359564353846154,281.391525,0.0393457794117647,0.0275980147058824,0.02580425
"490","2328B",1.74827106666667,358.254936307692,0.405479685714286,284.714490769231,0.035949875,0.024911515625,0.0334191384615385
"491","2329A",1.72923475172414,338.08545304878,0.457762708333333,309.072236585366,0.0299239146341463,0.0259463086419753,0.021973
"492","2329B",2.54059725,346.018223611111,0.4501795875,304.695855555556,0.0355790555555556,0.0281291944444444,0.0231645416666667
"493","2330A",1.59156173770492,341.8736275,0.402637360655738,314.668152272727,0.0318835,0.0226842727272727,0.0271399318181818
"494","2330B",1.47622389795918,338.109225151515,0.389418755102041,286.414012121212,0.0366032727272727,0.0268289696969697,0.0231779090909091
"495","2331A",1.80900291208791,380.254591297297,0.489004340659341,301.924244594595,0.0402095405405405,0.0333305277777778,0.0421315
"496","2331B",2.72604670175439,360.57694003,0.560912728070175,299.248474,0.0386134591836735,0.028726387755102,0.02200492
"497","2332A",1.6774204469697,373.166039310345,0.449990557251908,308.641787931034,0.0373632931034483,0.0271045172413793,0.0280688965517241
"498","2332B",1.87226038095238,282.792973285714,0.481580023809524,265.451085714286,0.0273573285714286,0.0217000220588235,0.0426311285714286
"499","2333A",2.6576313313253,360.55913,0.363369746987952,321.862349310345,0.0408654,0.0294756117647059,0.0190234827586207
"500","2333B",3.17396320930233,347.679663802817,0.457048174418605,320.287816901408,0.032587,0.0257603785714286,0.0305972482269504
"501","2334A",1.65632920496894,344.0995228,0.399032850931677,314.846329,0.03353797,0.02726352,0.02676181
"502","2334B",3.08696671328671,335.279997375,0.365450272727273,301.990820833333,0.0347398309859155,0.0275611126760563,0.020920014084507
"503","2335A",1.31518281283422,261.566069285714,0.386823672043011,300.8352,0.0332682285714286,0.0315864857142857,0.0248339857142857
"504","2335B",2.22985896610169,329.766826823529,0.488424538461538,270.716864705882,0.0336471882352941,0.0273197176470588,0.020695
"505","2336A",1.65580104255319,306.981661776119,0.44540723655914,247.410513432836,0.0305154179104478,0.0236904,0.0277230298507463
"506","2336B",2.00606011111111,316.755722711864,0.445100244444444,259.698325423729,0.031831406779661,0.026841406779661,0.0202978474576271
"507","2337A",1.45965031884058,236.9935146,0.367683463768116,230.007366,0.0264993,0.0262910408163265,0.02077228
"508","2337B",2.20824947727273,315.650022327586,0.431206920454545,250.859155172414,0.0291441052631579,0.0243275614035088,0.021888
"509","2338A",3.11579414285714,306.291114637681,0.370506756756757,276.009044927536,0.0333718260869565,0.0233193333333333,0.0177285217391304
"510","2338B",2.13676832,351.710254397436,0.497897513333333,314.921261538462,0.0349648205128205,0.0272687692307692,0.0194816282051282
"511","2339A",2.07978491390728,307.566221329114,0.361624258278146,329.141751898734,0.0287843037974684,0.0251904871794872,0.0153642151898734
"512","2339B",3.15611612030075,299.882947916667,0.316106902255639,298.238033333333,0.0269346041666667,0.0220965,0.0230316458333333
"513","2340A",3.24093442016807,363.929213052632,0.414917546218487,334.321978947368,0.0309202421052632,0.0235628210526316,0.0273618105263158
"514","2340B",2.28910461676647,320.655952054795,0.394060497005988,306.856494520548,0.0290655068493151,0.020393698630137,0.0182843835616438
"515","2341A",3.32531188764045,408.924078115942,0.385197471910112,339.122557971014,0.031044768115942,0.0240572028985507,0.0286711739130435
"516","2341B",1.84896557142857,367.674751871795,0.371963285714286,315.057238461538,0.0280924871794872,0.0224759487179487,0.0148851794871795
"517","2342A",1.80715364035088,296.394889307692,0.376413350877193,270.503229230769,0.0328522857142857,0.0260740952380952,0.0228606825396825
"518","2342B",2.86126186111111,283.981775368421,0.386002925925926,255.944778947368,0.0314124210526316,0.0271414181818182,0.0245161929824561
"519","2343A",1.98662293023256,328.982711238095,0.52143538372093,298.157234666667,0.0386599047619048,0.0282817115384615,0.0183023714285714
"520","2343B",2.14215361827957,326.1182502,0.472110686486486,292.7470432,0.032200928,0.0255249435483871,0.013286016
"521","2344A",2.62255085245902,326.667784920635,0.372583737704918,294.29453968254,0.038548746031746,0.0307892258064516,0.0188382380952381
"522","2344B",3.35189119672131,332.696457232558,0.361039442622951,312.648976744186,0.027809488372093,0.021506976744186,0.0312032
"523","2345A",2.7846453877551,292.490359347826,0.364625670103093,271.089136231884,0.0284780289855072,0.021352,0.0204523188405797
"524","2345B",2.80923994871795,297.966978303797,0.43864892173913,280.427172151899,0.0300398734177215,0.0228496075949367,0.0261294936708861
"525","2346A",2.35931436,430.54825,0.6262719,333.079053,0.02986828,0.02363105,0.01446782
"526","2346B",3.51745547777778,356.490880943396,0.278248355555556,309.808488679245,0.030264320754717,0.0238068867924528,0.0302122452830189
"527","2347A",1.59670357534247,389.154664324324,0.352160726027397,274.8869,0.0278731081081081,0.0213330810810811,0.0268642432432432
"528","2347B",1.7251617699115,390.484063148148,0.338561725663717,299.903283333333,0.0340949444444444,0.0295244444444444,0.0320869622641509
"529","2348A",2.0904883828125,316.541556627907,0.454257640625,301.27078255814,0.0275942558139535,0.0267353488372093,0.0216261046511628
"530","2348B",3.28149511304348,256.80293974359,0.310247,255.008887179487,0.0333291842105263,0.0220904594594595,0.0181132820512821
"531","2349A",1.86306181914894,289.506643448276,0.460177095744681,288.812879310345,0.0542637931034483,0.0330758620689655,0.0161629655172414
"532","2349B",2.84106316666667,330.979636808511,0.533891766666667,254.608589361702,0.0210254893617021,0.0160399787234043,0.0117012553191489
"533","2350A",2.92029073856209,359.736849783019,0.44165460130719,309.711389622641,0.0304733047619048,0.0240718095238095,0.0188071428571429
"534","2350B",2.85076885815603,367.521054417722,0.41892295035461,333.889644303797,0.0365992784810127,0.0274063924050633,0.0272796962025316
"535","2352A",1.71136989208633,349.68204028169,0.345853608695652,289.830267605634,0.0348849718309859,0.0243803098591549,0.0237210281690141
"536","2352B",1.33621290066225,332.122270120482,0.383851741721854,307.857937349398,0.0399585731707317,0.0283750731707317,0.0403270731707317
"537","2353A",1.71035793043478,349.298976290323,0.3921608,311.972756451613,0.0382869193548387,0.0329445967741935,0.0330046774193548
"538","2353B",2.72838508256881,334.7023702,0.516638431192661,289.91374,0.0299482777777778,0.0257646404494382,0.0160821111111111
"539","2354A",2.21421165765766,364.837388780488,0.517656585585586,335.21302804878,0.0351372716049383,0.0281362962962963,0.0186115
"540","2354B",1.78605764,376.773130985915,0.566316813333333,292.778421126761,0.0305659857142857,0.0256385857142857,0.0179705915492958
"541","2355A",2.09399133082707,339.970297690722,0.450296917293233,287.697079381443,0.0300856907216495,0.0225872989690722,0.028329381443299
"542","2355B",2.84925891729323,329.180405125,0.412010473282443,300.7138925,0.0273016875,0.0228627375,0.021763575
"543","2356A",3.07601383653846,311.67601031746,0.378798615384615,276.761204761905,0.0319316984126984,0.0271749047619048,0.0166610317460317
"544","2356B",1.79852611029412,330.988592,0.409707459259259,317.541075294118,0.0281956588235294,0.0227964761904762,0.0180031647058824
"545","2358A",2.77967764485981,396.44673452439,0.524504990566038,330.218143902439,0.0287964390243902,0.0239340487804878,0.0136561341463415
"546","2358B",1.84360044,414.502617058824,0.543634171717172,365.775097058824,0.0350287058823529,0.0289844852941176,0.0249008235294118
"547","2359A",1.34375655357143,365.885586046512,0.399547705357143,307.17013255814,0.0458400697674419,0.0341575813953488,0.0285059069767442
"548","2359B",1.427378125,407.1831725,0.235501861386139,306.60657,0.030722575,0.024320325,0.030911375
"549","2360A",2.33745163157895,317.3504872,0.265200643410853,310.36305,0.02566642,0.02193388,0.0168654
"550","2360B",1.53277914285714,350.40111902439,0.432860742424242,334.618929268293,0.0365598658536585,0.0285135731707317,0.0178879756097561
"551","2361A",1.96920969298246,397.646623726316,0.543741570175439,310.899141052632,0.03166,0.0254467765957447,0.0136740322580645
"552","2361B",1.63091143617021,375.322131617647,0.437990861702128,312.921941176471,0.0314509117647059,0.0211731470588235,0.0668363676470588
"553","2362A",2.36954214285714,366.160466632653,0.489749194968553,317.842882653061,0.0382523979591837,0.0282058775510204,0.0202094591836735
"554","2362B",1.52093749382716,313.536781219858,0.455273530864198,292.06114822695,0.0360934642857143,0.0269627553956835,0.0334621276595745
"555","2363A",3.09875443220339,352.391295047619,0.364645415254237,331.513416666667,0.0342458928571429,0.026324256097561,0.0217955542168675
"556","2363B",2.93099224444444,335.961197222222,0.468890677777778,334.32695952381,0.0351431666666667,0.0299488870967742,0.021283873015873
"557","2365A",2.995813,342.542746314286,0.440095436781609,278.556367142857,0.0286847428571429,0.0200324202898551,0.0267786142857143
"558","2365B",2.70889545794393,333.508480853659,0.448142801886792,284.345092682927,0.0311891463414634,0.0239325802469136,0.0176495609756098
"559","2366A",1.71958272727273,407.444248461538,0.434443038961039,347.566190384615,0.0316394038461538,0.0241875576923077,0.0275520576923077
"560","2366B",1.91613683333333,377.261169298246,0.562772819444444,287.844475438596,0.0395857192982456,0.0268298947368421,0.0189094912280702
"561","2367A",1.41157269230769,323.592740652174,0.409954163461538,341.94752826087,0.0365069347826087,0.036770847826087,0.025537847826087
"562","2367B",1.93475205747126,381.219952727273,0.43201788372093,294.065693939394,0.0289431666666667,0.0264342121212121,0.020365696969697
"563","2368A",2.24881788888889,355.069247926829,0.512001941176471,300.520417073171,0.032378012195122,0.0270829756097561,0.0193087926829268
"564","2368B",1.76562476865672,364.368791441441,0.42964962406015,290.36049009009,0.0389947592592593,0.0281108867924528,0.0805426216216216
"565","2369A",2.07696614173228,361.11261875,0.511110141732283,289.178308333333,0.038198829787234,0.0329385531914894,0.022826875
"566","2369B",1.91378113084112,322.452688644737,0.448071971698113,273.123510526316,0.0335043835616438,0.0257307671232877,0.0207617631578947
"567","2370A",2.86892076363636,390.64404099,0.478900781818182,333.048456,0.0323271,0.02629305,0.0154757
"568","2370B",1.7784418,323.569043346154,0.432887046979866,300.724014102564,0.0325051428571429,0.0271456575342466,0.0164868974358974
"569","2371A",3.00589791262136,289.832532931035,0.376526941747573,251.458365517241,0.0277955087719298,0.0208975535714286,0.0158642586206897
"570","2371B",2.16681999242424,349.117980952381,0.451443234848485,332.523311111111,0.0296574761904762,0.0199410158730159,0.0183477142857143
"571","2372A",1.58207355737705,397.931480194175,0.393347155737705,327.510016504854,0.0281981262135922,0.0230511650485437,0.0448523203883495
"572","2372B",2.53131704605263,375.916795157895,0.443637881578947,324.925293684211,0.0264962736842105,0.0190451489361702,0.0138024210526316
"573","2373A",1.82195525675676,359.652849230769,0.372489966216216,335.493532307692,0.0303341846153846,0.0245207538461538,0.0237615230769231
"574","2373B",3.00600832467532,369.635546202532,0.353893064935065,318.32034556962,0.0305517848101266,0.025599253164557,0.0160532151898734
"575","2374A",2.37305965254237,335.984028872549,0.564223076271186,273.370107843137,0.0303519702970297,0.0251861188118812,0.0208329411764706
"576","2374B",1.5514968,255.741002682927,0.370227209090909,239.212687804878,0.0283461463414634,0.023347125,0.0178615365853659
"577","2375A",1.58395026666667,316.8692735,0.3518211,267.698875,0.03896675,0.02587565,0.01852415
"578","2375B",2.00792295238095,351.738064680851,0.490085047619048,316.289144680851,0.0295121276595745,0.0237876304347826,0.0165009574468085
"579","2376A",2.16879411666667,357.406067266667,0.434412625,289.139622222222,0.0393199777777778,0.0325005227272727,0.0128172444444444
"580","2376B",3.05118814117647,369.021041111111,0.402802670588235,320.709652380952,0.0324179682539683,0.0245959682539683,0.0333558095238095
"581","2377A",1.59007221333333,327.891828730159,0.487590453333333,256.653203174603,0.035753619047619,0.0337421129032258,0.0278883968253968
"582","2377B",1.57405520720721,342.361306908046,0.469781135135135,274.999494252874,0.0375483764705882,0.0309784235294118,0.031690476744186
"583","2378A",1.78017574324324,329.493135111111,0.466613635135135,301.279067777778,0.0313310777777778,0.0272180222222222,0.0229448202247191
"584","2378B",1.51242605194805,338.786980588235,0.426508045454545,295.512222352941,0.0403873058823529,0.0279595833333333,0.0275581294117647
"585","2379A",1.58763418852459,270.115272380952,0.368668628099174,269.385980952381,0.031583880952381,0.025597756097561,0.0184236666666667
"586","2379B",1.52752347619048,409.78614,0.458415666666667,338.79394,0.0340224153846154,0.0263882153846154,0.0362877846153846
"587","2380A",1.35871226744186,385.875021428571,0.307633651162791,309.702026190476,0.0263213333333333,0.0215713095238095,0.0248121428571429
"588","2380B",2.57830071,350.266343027397,0.33789681,301.212345205479,0.0286646164383562,0.0182446849315068,0.0142613150684932
"589","2381A",1.84594499285714,355.676752916667,0.454786592857143,305.703380208333,0.039321,0.029653125,0.0195346875
"590","2381B",1.84006833990148,304.953531188235,0.473764295566502,291.657261176471,0.0300787142857143,0.0227368928571429,0.0150262619047619
"591","2382A",2.08391187804878,328.899399259259,0.345027942622951,316.798846296296,0.0450018333333333,0.0339158703703704,0.0206050925925926
"592","2382B",2.17206633333333,325.547024641509,0.335351471264368,275.948964150943,0.0384658113207547,0.0297205576923077,0.0227347169811321
"593","2383A",3.07943042307692,380.282136451613,0.459001461538462,317.438135483871,0.0312850967741935,0.0226442903225806,0.0211235161290323
"594","2383B",3.14929895348837,381.2260875,0.366342348837209,296.8870375,0.041546625,0.0366975833333333,0.0246539166666667
"595","2384A",1.79443366666667,298.499519722222,0.325036247311828,280.914333333333,0.0262222222222222,0.0174071388888889,0.0187911388888889
"596","2384B",3.10728909302326,391.426537833333,0.439804779069767,336.667468333333,0.0335517,0.02594505,0.0199646166666667
"597","2386A",2.75156785430464,331.730883217949,0.347692622516556,302.44346025641,0.0356827564102564,0.0261275844155844,0.0158541282051282
"598","2386B",2.33578081318681,329.364736888889,0.465119450549451,311.021806666667,0.0349890074074074,0.0270607835820896,0.0217354962962963
"599","2387A",2.3609442755102,297.084731072289,0.450880724489796,272.045962650602,0.0294080722891566,0.0236121445783133,0.0164131084337349
"600","2387B",2.09779232142857,344.300375357143,0.408808464285714,285.476635714286,0.0336338214285714,0.0243351607142857,0.0305195
"601","2388A",2.01293465822785,291.660641372549,0.376969670886076,253.530370588235,0.0343895882352941,0.0293780196078431,0.0347829215686275
"602","2388B",2.91625128915663,287.357977846154,0.380606641975309,257.366825,0.0326502115384615,0.02332404,0.0211653076923077
"603","2389A",1.69832836,334.690021025641,0.378972469798658,322.421794871795,0.0365365128205128,0.0306981666666667,0.0271167142857143
"604","2389B",1.74046810280374,362.760951594203,0.406061594339623,291.141369565217,0.0390609565217391,0.0295329130434783,0.0534838235294118
"605","2390A",2.00670122131148,329.591723846154,0.29258756557377,294.758892307692,0.0311670769230769,0.0233838846153846,0.0293295192307692
"606","2390B",3.01650628481013,343.95092904878,0.392550936305733,328.933593902439,0.0327377317073171,0.0277817654320988,0.0229072682926829
"607","2392A",2.91532646666667,291.022208615385,0.432548155555556,252.621858461538,0.0305781230769231,0.022803921875,0.0154326769230769
"608","2392B",2.91469175,292.930139873418,0.436866336206897,250.446332911392,0.0287151392405063,0.0225940256410256,0.0204310379746835
"609","2393A",2.79927939393939,358.823734466019,0.513002083333333,285.756316504854,0.0274649029126214,0.0207825392156863,0.0158930388349515
"610","2393B",1.67004697297297,371.687609411765,0.455283630630631,287.562230588235,0.0326946941176471,0.0244859529411765,0.0248045357142857
"611","2394A",2.68149064423077,368.018763894737,0.533004466019417,312.175986315789,0.0316738947368421,0.0265028817204301,0.0174458736842105
"612","2394B",1.53036063218391,306.816944680851,0.389894264367816,255.869710638298,0.034727829787234,0.0343933913043478,0.0306247446808511
"613","2395A",1.74527930769231,355.778467619048,0.403968163461538,304.335344047619,0.02951475,0.0237122409638554,0.0229103333333333
"614","2395B",1.73468665686275,307.228997857143,0.412708470588235,279.272601190476,0.0302669047619048,0.0251172023809524,0.0251224166666667
"615","2396A",2.98167368181818,343.576362823529,0.380782545454545,326.217815294118,0.0309323647058824,0.0263622352941176,0.0167403294117647
"616","2396B",2.08242431538462,343.507687850575,0.472272307692308,295.545091954023,0.0297242790697674,0.0230609176470588,0.0114814
"617","2397A",2.99646701666667,357.755894691358,0.374123316666667,290.467330864198,0.0311391604938272,0.0221687777777778,0.0208847160493827
"618","2397B",2.86917635714286,363.602346245902,0.416245989795918,298.313504918033,0.0240932295081967,0.0198311147540984,0.0173177704918033
"619","2398A",2.02540425233645,397.122967116279,0.578799735849057,293.073718604651,0.035764988372093,0.0317637058823529,0.0132904186046512
"620","2398B",2.1008699,334.212184247788,0.5269429,313.649574336283,0.0357228407079646,0.0307505135135135,0.0160182212389381
"621","2399A",1.63239772727273,352.921328111111,0.533148583333333,324.978111111111,0.0388543,0.0307007555555556,0.0382699111111111
"622","2399B",2.01033710416667,275.992595771429,0.434013611111111,244.55468,0.0284966571428571,0.021796652173913,0.0182952
"623","2401A",2.0566738961039,286.135611538462,0.381103688311688,286.709455769231,0.0317076730769231,0.0328221764705882,0.0204090961538462
"624","2401B",1.80690743956044,254.762061964286,0.427570857142857,235.493317857143,0.0331895535714286,0.0227230714285714,0.0172896785714286
"625","2402A",1.88320010810811,300.6169521875,0.373066438356164,270.5697125,0.0417513125,0.03104084375,0.02169434375
"626","2402B",2.10543267647059,335.326336904762,0.425823779411765,293.554611904762,0.0269353095238095,0.0198497619047619,0.0134055476190476
"627","2403A",1.82759345555556,333.110824666667,0.370390855555556,293.547813333333,0.0293453777777778,0.0230438444444444,0.0260376888888889
"628","2403B",1.98694594488189,319.94106046875,0.393966196850394,260.0736171875,0.025628359375,0.019186859375,0.0205750625
"629","2404A",2.1049785390625,383.394265656863,0.573475953125,357.547203921569,0.0317619117647059,0.0270582450980392,0.0196338431372549
"630","2404B",2.87570625170068,382.682489407407,0.552622809523809,318.952448888889,0.0286187777777778,0.0221084592592593,0.0159056296296296
"631","2405A",1.80568186915888,367.827007569767,0.455830504672897,302.702044186047,0.029760988372093,0.0232494880952381,0.0430691627906977
"632","2405B",2.90250906578947,369.138649432692,0.467124782894737,300.162871153846,0.0316838365384615,0.0260934711538462,0.0224250288461538
"633","2406A",2.0896677295082,285.28677775,0.443275114754098,281.72909625,0.0371443625,0.0353429125,0.0213484375
"634","2406B",1.82620944078947,272.629261578947,0.463547276315789,257.341261403509,0.0322127610619469,0.0298364545454545,0.0483776578947368
"635","2407A",3.12645579746835,310.731957647059,0.31018235443038,270.366452941176,0.0277087352941176,0.0225750606060606,0.0210249411764706
"636","2407B",1.59307534444444,330.521061395349,0.334022123595506,287.031486046512,0.0313864186046512,0.0260182790697674,0.022475488372093
"637","2408A",1.88701628497409,304.577773692308,0.467210554404145,288.916118461538,0.0433324375,0.0322831875,0.0133659692307692
"638","2408B",1.434312,386.226369666667,0.381058948979592,316.143041666667,0.0421967833333333,0.0324013898305085,0.0461762833333333
"639","2409A",1.89162071311475,314.189318709677,0.456094393442623,289.277119354839,0.0318928548387097,0.0236383225806452,0.0143590322580645
"640","2409B",1.53739233333333,302.278005208333,0.429640436363636,264.723881944444,0.0488976111111111,0.0359235277777778,0.035528375
"641","2410A",2.39293555434783,460.820992159091,0.435899076086957,344.233651136364,0.0279330227272727,0.0249060568181818,0.0207415681818182
"642","2410B",2.95814392372881,384.152672168317,0.456048474576271,337.753784158416,0.0327373366336634,0.0300633465346535,0.022039099009901
"643","2411A",1.42858417351598,321.166336976744,0.398681347031963,341.457811627907,0.0334294534883721,0.0319644302325581,0.0230278488372093
"644","2411B",1.9982508680203,310.512766071429,0.45597307106599,296.206995535714,0.0329258035714286,0.0245327297297297,0.0134888035714286
"645","2413A",2.18516075,356.180763333333,0.508244666666667,283.987876666667,0.0249018666666667,0.0197146333333333,0.0148003
"646","2413B",2.80406987179487,325.035115806452,0.44385641025641,263.97024516129,0.022891064516129,0.0172158064516129,0.0177342258064516
"647","2415A",2.92349921296296,281.93285673913,0.311858592592593,280.394313043478,0.033919,0.0290067608695652,0.019365347826087
"648","2415B",3.0960201,267.77085,0.317374777777778,278.59975,0.0346395,0.041023,0.0180525
