"","X","participant","num","gender","loudness","partner","partner_num","partner_gender","partner_loudness","partner_diff","nonpartner_diff","outlier","normdiff"
"1",1,"2005A",1169,"MALE",3.209173361,"2005B",1133,"MALE",1.643448839,1.565724522,1.075094053,"vhigh",1.45636050876751
"2",2,"2005B",1133,"MALE",1.643448839,"2005A",1169,"MALE",3.209173361,1.565724522,0.490630547,"no",3.19124956970932
"3",3,"2006A",1035,"FEMALE",1.602113286,"2006B",1061,"MALE",1.927784684,0.325671398,0.531514526,"low",0.612723419717037
"4",4,"2006B",1061,"MALE",1.927784684,"2006A",1035,"FEMALE",1.602113286,0.325671398,0.362630292,"no",0.898081062681879
"5",5,"2007A",1151,"MALE",1.492757933,"2007B",1052,"MALE",2.430263783,0.93750585,0.656219181,"vlow",1.42864743540619
"6",6,"2007B",1052,"MALE",2.430263783,"2007A",1151,"MALE",1.492757933,0.93750585,0.281286719,"no",3.33291899927917
"7",7,"2008A",1176,"FEMALE",3.19212164,"2008B",1057,"FEMALE",1.526407283,1.665714357,0.922714175,"vhigh",1.80523330206778
"8",8,"2008B",1057,"FEMALE",1.526407283,"2008A",1176,"FEMALE",3.19212164,1.665714357,0.743000125,"low",2.2418762809764
"9",9,"2009A",1055,"FEMALE",2.121789062,"2009B",1126,"FEMALE",2.836657169,0.714868107,0.158379973,"no",4.51362690281555
"10",10,"2009B",1126,"FEMALE",2.836657169,"2009A",1055,"FEMALE",2.121789062,0.714868107,0.556488127,"no",1.28460621586631
"11",11,"2010A",1027,"FEMALE",1.926924288,"2010B",1039,"MALE",2.925528224,0.998603937,0.187768277,"no",5.31827821480196
"12",12,"2010B",1039,"MALE",2.925528224,"2010A",1027,"FEMALE",1.926924288,0.998603937,0.634180266,"no",1.57463735555594
"13",13,"2012A",1110,"MALE",1.779722684,"2012B",1119,"MALE",1.342727958,0.436994726,0.386568676,"no",1.13044525625247
"14",14,"2012B",1119,"MALE",1.342727958,"2012A",1110,"MALE",1.779722684,0.436994726,0.823563376,"vlow",0.530614569242331
"15",15,"2013A",1071,"FEMALE",3.005879951,"2013B",1146,"MALE",3.004875521,0.001004431,0.868578093,"high",0.00115640839677498
"16",16,"2013B",1146,"MALE",3.004875521,"2013A",1071,"FEMALE",3.005879951,0.001004431,0.733466526,"high",0.0013694299117885
"17",17,"2014A",1153,"FEMALE",2.897010929,"2014B",1053,"FEMALE",1.887952442,1.009058487,0.608647297,"no",1.6578706452384
"18",18,"2014B",1053,"FEMALE",1.887952442,"2014A",1153,"FEMALE",2.897010929,1.009058487,0.400411203,"no",2.52005558146184
"19",19,"2015A",1122,"MALE",2.892132872,"2015B",1112,"FEMALE",2.111589463,0.78054341,0.597389567,"no",1.30659029403505
"20",20,"2015B",1112,"FEMALE",2.111589463,"2015A",1122,"MALE",2.892132872,0.78054341,0.025000008,"no",31.2217264090476
"21",21,"2017A",1148,"FEMALE",2.972652874,"2017B",1147,"MALE",1.708992644,1.26366023,0.827317787,"high",1.52741818181168
"22",22,"2017B",1147,"MALE",1.708992644,"2017A",1148,"FEMALE",2.972652874,1.26366023,0.55735835,"no",2.26723118080136
"23",23,"2018A",1000,"FEMALE",2.588327066,"2018B",1044,"FEMALE",2.007577906,0.58074916,0.308056198,"no",1.8852052442717
"24",24,"2018B",1044,"FEMALE",2.007577906,"2018A",1000,"FEMALE",2.588327066,0.58074916,0.272693002,"no",2.1296812009866
"25",25,"2019A",1052,"MALE",2.865947211,"2019B",1142,"MALE",1.867787714,0.998159497,0.730536953,"no",1.36633676489737
"26",26,"2019B",1142,"MALE",1.867787714,"2019A",1052,"MALE",2.865947211,0.998159497,0.267622547,"no",3.72972871004026
"27",27,"2020A",1176,"FEMALE",3.183723101,"2020B",1169,"MALE",3.041448226,0.142274875,1.054319484,"vhigh",0.134944746027287
"28",28,"2020B",1169,"MALE",3.041448226,"2020A",1176,"FEMALE",3.183723101,0.142274875,0.7763838,"high",0.183253276279077
"29",29,"2022A",1138,"FEMALE",2.936061049,"2022B",1107,"FEMALE",2.117500047,0.818561002,0.655117897,"high",1.24948655157867
"30",30,"2022B",1107,"FEMALE",2.117500047,"2022A",1138,"FEMALE",2.936061049,0.818561002,0.163443103,"no",5.00823214302288
"31",31,"2023A",1033,"FEMALE",2.082741929,"2023B",1135,"FEMALE",2.728778361,0.646036432,0.191607037,"no",3.3716738284513
"32",32,"2023B",1135,"FEMALE",2.728778361,"2023A",1033,"FEMALE",2.082741929,0.646036432,0.454429463,"no",1.42164292723247
"33",33,"2024A",1016,"FEMALE",2.145011574,"2024B",1061,"MALE",3.314585075,1.169573501,0.011383774,"no",102.740400591227
"34",34,"2024B",1061,"MALE",3.314585075,"2024A",1016,"FEMALE",2.145011574,1.169573501,1.027353908,"vhigh",1.13843291186468
"35",35,"2025A",1061,"MALE",2.454339455,"2025B",1064,"FEMALE",2.927200014,0.47286056,0.173578469,"no",2.7241890236974
"36",36,"2025B",1064,"FEMALE",2.927200014,"2025A",1061,"MALE",2.454339455,0.47286056,0.793572174,"no",0.595863332274551
"37",37,"2027A",1035,"FEMALE",2.7928586,"2027B",1096,"FEMALE",2.805140368,0.012281768,0.499325952,"no",0.024596694705746
"38",38,"2027B",1096,"FEMALE",2.805140368,"2027A",1035,"FEMALE",2.7928586,0.012281768,0.511607752,"no",0.0240062195148286
"39",39,"2028A",1086,"FEMALE",3.169250022,"2028B",1101,"MALE",2.062521399,1.106728623,1.018847965,"vhigh",1.08625492813346
"40",40,"2028B",1101,"MALE",2.062521399,"2028A",1086,"FEMALE",3.169250022,1.106728623,0.220316641,"no",5.02335464981967
"41",41,"2032A",1167,"MALE",1.826947402,"2032B",1093,"FEMALE",2.835256333,1.008308932,0.455614252,"no",2.21307592458719
"42",42,"2032B",1093,"FEMALE",2.835256333,"2032A",1167,"MALE",1.826947402,1.008308932,0.683858134,"no",1.47444167418501
"43",43,"2035A",1176,"FEMALE",3.147546095,"2035B",1107,"FEMALE",2.058737487,1.088808608,0.876982955,"vhigh",1.24153907643507
"44",44,"2035B",1107,"FEMALE",2.058737487,"2035A",1176,"FEMALE",3.147546095,1.088808608,0.211825645,"no",5.14011704295766
"45",45,"2036A",1063,"MALE",1.513492258,"2036B",1013,"FEMALE",3.400346739,1.886854481,0.760694048,"low",2.48043807620275
"46",46,"2036B",1013,"FEMALE",3.400346739,"2036A",1063,"MALE",1.513492258,1.886854481,1.2403187,"vhigh",1.52126584965622
"47",47,"2038A",1073,"MALE",1.6487774,"2038B",1039,"MALE",2.861278513,1.212501113,0.472339626,"no",2.56701120604266
"48",48,"2038B",1039,"MALE",2.861278513,"2038A",1073,"MALE",1.6487774,1.212501113,0.740161474,"no",1.63815755830599
"49",49,"2039A",1101,"MALE",2.030392443,"2039B",1152,"FEMALE",1.565022676,0.465369768,0.273713067,"no",1.70021027165649
"50",50,"2039B",1152,"FEMALE",1.565022676,"2039A",1101,"MALE",2.030392443,0.465369768,0.585379335,"low",0.794988377920789
"51",51,"2040A",1130,"FEMALE",1.715983146,"2040B",1119,"MALE",1.460897136,0.25508601,0.44132159,"no",0.578004828633016
"52",52,"2040B",1119,"MALE",1.460897136,"2040A",1130,"FEMALE",1.715983146,0.25508601,0.844667731,"vlow",0.301995684975445
"53",53,"2041A",1110,"MALE",1.748995089,"2041B",1179,"FEMALE",2.8290231,1.080028011,0.533970689,"no",2.02263538664011
"54",54,"2041B",1179,"FEMALE",2.8290231,"2041A",1110,"MALE",1.748995089,1.080028011,0.674513056,"no",1.60119659863189
"55",55,"2044A",1219,"MALE",2.316750921,"2044B",1005,"FEMALE",2.303445744,0.013305177,0.028434064,"no",0.467930894437039
"56",56,"2044B",1005,"FEMALE",2.303445744,"2044A",1219,"MALE",2.316750921,0.013305177,0.158243276,"no",0.0840805204260306
"57",57,"2045A",1033,"FEMALE",2.899476925,"2045B",1055,"FEMALE",3.419070186,0.519593262,0.614283249,"no",0.845852890903102
"58",58,"2045B",1055,"FEMALE",3.419070186,"2045A",1033,"FEMALE",2.899476925,0.519593262,1.133876549,"vhigh",0.458245002472487
"59",59,"2050A",1102,"MALE",2.256632183,"2050B",1148,"FEMALE",2.926236632,0.669604448,0.00971875,"no",68.8982068681672
"60",60,"2050B",1148,"FEMALE",2.926236632,"2050A",1102,"MALE",2.256632183,0.669604448,0.780227742,"no",0.858216661565464
"61",61,"2051A",1000,"FEMALE",2.569169743,"2051B",1051,"MALE",1.547909207,1.021260536,0.418349681,"no",2.44116484936438
"62",62,"2051B",1051,"MALE",1.547909207,"2051A",1000,"FEMALE",2.569169743,1.021260536,0.733147618,"low",1.39298077348456
"63",63,"2053A",1013,"FEMALE",3.124111048,"2053B",1135,"FEMALE",2.611248222,0.512862825,0.856452645,"vhigh",0.598822162549338
"64",64,"2053B",1135,"FEMALE",2.611248222,"2053A",1013,"FEMALE",3.124111048,0.512862825,0.343589845,"no",1.4926600202634
"65",65,"2054A",1007,"FEMALE",2.565664857,"2054B",1107,"FEMALE",2.11141459,0.454250267,0.271836311,"no",1.67104337654141
"66",66,"2054B",1107,"FEMALE",2.11141459,"2054A",1007,"FEMALE",2.565664857,0.454250267,0.182413989,"no",2.49021618073381
"67",67,"2055A",1176,"FEMALE",3.385681045,"2055B",1139,"MALE",2.16134374,1.224337305,1.237274247,"vhigh",0.989543998000954
"68",68,"2055B",1139,"MALE",2.16134374,"2055A",1176,"FEMALE",3.385681045,1.224337305,0.1037207,"no",11.8041751068012
"69",69,"2056A",1033,"FEMALE",3.052879182,"2056B",1011,"FEMALE",1.602307326,1.450571856,0.76931417,"high",1.88553898077817
"70",70,"2056B",1011,"FEMALE",1.602307326,"2056A",1033,"FEMALE",3.052879182,1.450571856,0.68125773,"low",2.12925562840953
"71",71,"2057A",1179,"FEMALE",2.931952874,"2057B",1060,"FEMALE",3.077663971,0.145711097,0.661946748,"no",0.220125104383774
"72",72,"2057B",1060,"FEMALE",3.077663971,"2057A",1179,"FEMALE",2.931952874,0.145711097,0.807657848,"high",0.180411912495896
"73",73,"2060A",1152,"FEMALE",1.785946594,"2060B",1056,"MALE",1.404516549,0.381430045,0.367543351,"no",1.03778246555738
"74",74,"2060B",1056,"MALE",1.404516549,"2060A",1152,"FEMALE",1.785946594,0.381430045,0.899588967,"vlow",0.424004805519141
"75",75,"2061A",1167,"MALE",1.674423306,"2061B",1021,"MALE",1.471452841,0.202970465,0.479287606,"no",0.423483650440984
"76",76,"2061B",1021,"MALE",1.471452841,"2061A",1167,"MALE",1.674423306,0.202970465,0.682258106,"vlow",0.297498062998463
"77",77,"2062A",1085,"MALE",1.896015464,"2062B",1096,"FEMALE",2.905396577,1.009381113,0.397281256,"no",2.54072171227731
"78",78,"2062B",1096,"FEMALE",2.905396577,"2062A",1085,"MALE",1.896015464,1.009381113,0.757157979,"no",1.33311824083676
"79",79,"2064A",1133,"MALE",1.84841075,"2064B",1148,"FEMALE",3.063132302,1.214721552,0.41794025,"no",2.90644787622154
"80",80,"2064B",1148,"FEMALE",3.063132302,"2064A",1133,"MALE",1.84841075,1.214721552,0.912189656,"high",1.33165460056478
"81",81,"2065A",1140,"MALE",1.821924954,"2065B",1064,"FEMALE",3.011059207,1.189134253,0.458836031,"no",2.59163224476589
"82",82,"2065B",1064,"FEMALE",3.011059207,"2065A",1140,"MALE",1.821924954,1.189134253,0.871623538,"high",1.36427505816163
"83",83,"2067A",1123,"FEMALE",1.443118957,"2067B",1107,"FEMALE",2.381216797,0.93809784,0.874273687,"vlow",1.0730024864628
"84",84,"2067B",1107,"FEMALE",2.381216797,"2067A",1123,"FEMALE",1.443118957,0.93809784,0.063824113,"no",14.6981727736663
"85",85,"2071A",1013,"FEMALE",2.849355127,"2071B",1016,"FEMALE",1.686366842,1.162988285,0.578769394,"no",2.00941566201754
"86",86,"2071B",1016,"FEMALE",1.686366842,"2071A",1013,"FEMALE",2.849355127,1.162988285,0.584218906,"no",1.9906721146063
"87",87,"2072A",1042,"FEMALE",1.367125676,"2072B",1061,"MALE",1.711063204,0.343937528,0.766502126,"vlow",0.448710468416887
"88",88,"2072B",1061,"MALE",1.711063204,"2072A",1042,"FEMALE",1.367125676,0.343937528,0.592357126,"no",0.580625289886358
"89",89,"2073A",1174,"MALE",2.019990779,"2073B",1047,"MALE",2.052621653,0.032630874,0.13063168,"no",0.249792959870071
"90",90,"2073B",1047,"MALE",2.052621653,"2073A",1174,"MALE",2.019990779,0.032630874,0.09800078,"no",0.332965451907628
"91",91,"2078A",1071,"FEMALE",2.791990849,"2078B",1027,"FEMALE",2.041277272,0.750713578,0.519668385,"no",1.44460121044308
"92",92,"2078B",1027,"FEMALE",2.041277272,"2078A",1071,"FEMALE",2.791990849,0.750713578,0.231045115,"no",3.24920774888489
"93",93,"2079A",1000,"FEMALE",2.6767902,"2079B",1061,"MALE",2.028556688,0.648233513,0.543162374,"no",1.19344333118332
"94",94,"2079B",1061,"MALE",2.028556688,"2079A",1000,"FEMALE",2.6767902,0.648233513,0.252500118,"no",2.56726023787442
"95",95,"2080A",1010,"MALE",1.482857545,"2080B",1051,"MALE",1.774472485,0.29161494,0.678090206,"vlow",0.430053313585243
"96",96,"2080B",1051,"MALE",1.774472485,"2080A",1010,"MALE",1.482857545,0.29161494,0.386475206,"no",0.754550189695739
"97",97,"2082A",1055,"FEMALE",2.324863318,"2082B",1060,"FEMALE",2.731286714,0.406423396,0.043011601,"no",9.44915758890258
"98",98,"2082B",1060,"FEMALE",2.731286714,"2082A",1055,"FEMALE",2.324863318,0.406423396,0.449435001,"no",0.904298497214728
"99",99,"2083A",1063,"MALE",1.202704771,"2083B",1018,"FEMALE",2.564064284,1.361359513,1.087074413,"vlow",1.25231492593323
"100",100,"2083B",1018,"FEMALE",2.564064284,"2083A",1063,"MALE",1.202704771,1.361359513,0.4040363,"no",3.36939901934554
"101",101,"2085A",1071,"FEMALE",2.890210773,"2085B",1051,"MALE",1.639204824,1.25100595,0.739390781,"no",1.6919415039339
"102",102,"2085B",1051,"MALE",1.639204824,"2085A",1071,"FEMALE",2.890210773,1.25100595,0.632204174,"no",1.97880052275643
"103",103,"2086A",1124,"MALE",1.862863238,"2086B",1156,"FEMALE",1.578447385,0.284415853,0.432012426,"no",0.658351093354893
"104",104,"2086B",1156,"FEMALE",1.578447385,"2086A",1124,"MALE",1.862863238,0.284415853,0.579970694,"low",0.490396938918434
"105",105,"2087A",1119,"MALE",1.519658017,"2087B",1023,"MALE",2.081426897,0.56176888,0.628923981,"low",0.893222228713203
"106",106,"2087B",1023,"MALE",2.081426897,"2087A",1119,"MALE",1.519658017,0.56176888,0.067155081,"no",8.36524759757195
"107",107,"2089A",1025,"MALE",2.534367959,"2089B",1147,"MALE",2.889481007,0.355113048,0.392120426,"no",0.905622417129578
"108",108,"2089B",1147,"MALE",2.889481007,"2089A",1025,"MALE",2.534367959,0.355113048,0.747233426,"no",0.475237102147516
"109",109,"2090A",1074,"FEMALE",1.923701478,"2090B",1094,"FEMALE",2.760476276,0.836774798,0.364218499,"no",2.29745276612103
"110",110,"2090B",1094,"FEMALE",2.760476276,"2090A",1074,"FEMALE",1.923701478,0.836774798,0.472556301,"no",1.77074095981634
"111",111,"2091A",1145,"MALE",1.499624224,"2091B",1035,"FEMALE",2.767503951,1.267879727,0.790790792,"no",1.60330613333697
"112",112,"2091B",1035,"FEMALE",2.767503951,"2091A",1145,"MALE",1.499624224,1.267879727,0.616319012,"no",2.05718094414391
"113",113,"2092A",1167,"MALE",1.592936869,"2092B",1069,"MALE",2.878374695,1.285437826,0.554806183,"low",2.31691330303722
"114",114,"2092B",1069,"MALE",2.878374695,"2092A",1167,"MALE",1.592936869,1.285437826,0.730631617,"no",1.75935149272359
"115",115,"2093A",1069,"MALE",2.696669493,"2093B",1008,"FEMALE",2.587160714,0.109508779,0.410927382,"no",0.266491803167305
"116",116,"2093B",1008,"FEMALE",2.587160714,"2093A",1069,"MALE",2.696669493,0.109508779,0.444853142,"no",0.246168383812382
"117",117,"2094A",1072,"FEMALE",1.749877507,"2094B",1056,"MALE",1.53115189,0.218725617,0.403612451,"no",0.541919894834959
"118",118,"2094B",1056,"MALE",1.53115189,"2094A",1072,"FEMALE",1.749877507,0.218725617,0.761247877,"low",0.287325092927648
"119",119,"2095A",1169,"MALE",2.951815525,"2095B",1221,"MALE",1.461444979,1.490370546,0.820162865,"high",1.81716413849096
"120",120,"2095B",1221,"MALE",1.461444979,"2095A",1169,"MALE",2.951815525,1.490370546,0.670207635,"vlow",2.22374450568591
"121",121,"2096A",1139,"MALE",2.000698874,"2096B",1112,"FEMALE",2.181745696,0.181046823,0.294044433,"no",0.615712466149631
"122",122,"2096B",1112,"FEMALE",2.181745696,"2096A",1139,"MALE",2.000698874,0.181046823,0.033338947,"no",5.43049014115533
"123",123,"2101A",1148,"FEMALE",2.852100453,"2101B",1016,"FEMALE",2.492229132,0.359871321,0.589618391,"no",0.610346160318463
"124",124,"2101B",1016,"FEMALE",2.492229132,"2101A",1148,"FEMALE",2.852100453,0.359871321,0.229746991,"no",1.56638099778203
"125",125,"2102A",1138,"FEMALE",2.926532963,"2102B",1056,"MALE",1.748591509,1.177941454,0.773043049,"no",1.52377213083252
"126",126,"2102B",1056,"MALE",1.748591509,"2102A",1138,"FEMALE",2.926532963,1.177941454,0.526636515,"no",2.23672575001754
"127",127,"2104A",1031,"FEMALE",1.878820077,"2104B",1013,"FEMALE",2.948030448,1.069210371,0.402701692,"no",2.65509281992289
"128",128,"2104B",1013,"FEMALE",2.948030448,"2104A",1031,"FEMALE",1.878820077,1.069210371,0.666508608,"high",1.60419589209567
"129",129,"2105A",1000,"FEMALE",2.59730219,"2105B",1133,"MALE",2.184253571,0.413048618,0.446359556,"no",0.925371961791269
"130",130,"2105B",1133,"MALE",2.184253571,"2105A",1000,"FEMALE",2.59730219,0.413048618,0.096803218,"no",4.26688933006339
"131",131,"2107A",1053,"FEMALE",2.052714324,"2107B",1135,"FEMALE",2.664238882,0.611524558,0.235580217,"no",2.59582305249341
"132",132,"2107B",1135,"FEMALE",2.664238882,"2107A",1053,"FEMALE",2.052714324,0.611524558,0.375944383,"no",1.62663570903784
"133",133,"2108A",1151,"MALE",1.462261851,"2108B",1181,"MALE",3.520450936,2.058189085,0.668473565,"vlow",3.07893863387103
"134",134,"2108B",1181,"MALE",3.520450936,"2108A",1151,"MALE",1.462261851,2.058189085,1.389715435,"vhigh",1.48101476976112
"135",135,"2109A",1123,"FEMALE",1.46213324,"2109B",1076,"MALE",3.255105951,1.792972711,0.68015011,"vlow",2.63614264651078
"136",136,"2109B",1076,"MALE",3.255105951,"2109A",1123,"FEMALE",1.46213324,1.792972711,0.944304067,"vhigh",1.89872391071678
"137",137,"2110A",1174,"MALE",2.075124383,"2110B",1071,"FEMALE",2.819962327,0.744837944,0.196284574,"no",3.79468405907435
"138",138,"2110B",1071,"FEMALE",2.819962327,"2110A",1174,"MALE",2.075124383,0.744837944,0.672388669,"no",1.10774910158398
"139",139,"2111A",1055,"FEMALE",1.773867269,"2111B",1106,"FEMALE",1.985874025,0.212006756,0.525243221,"no",0.403635396943086
"140",140,"2111B",1106,"FEMALE",1.985874025,"2111A",1055,"FEMALE",1.773867269,0.212006756,0.313236521,"no",0.676826429188951
"141",141,"2113A",1152,"FEMALE",1.785538159,"2113B",1026,"FEMALE",1.696337776,0.089200383,0.527464629,"no",0.169111591746183
"142",142,"2113B",1026,"FEMALE",1.696337776,"2113A",1152,"FEMALE",1.785538159,0.089200383,0.616665029,"no",0.144649653872297
"143",143,"2114A",1025,"MALE",2.670213939,"2114B",1050,"MALE",1.861161653,0.809052286,0.526361288,"no",1.5370664683076
"144",144,"2114B",1050,"MALE",1.861161653,"2114A",1025,"MALE",2.670213939,0.809052286,0.282690912,"no",2.86196779470576
"145",145,"2116A",1139,"MALE",2.007103442,"2116B",1128,"MALE",1.842659461,0.164443981,0.143485125,"no",1.14606988703533
"146",146,"2116B",1128,"MALE",1.842659461,"2116A",1139,"MALE",2.007103442,0.164443981,0.307929025,"no",0.534032090674141
"147",147,"2118A",1180,"FEMALE",1.534443769,"2118B",1016,"FEMALE",2.971361786,1.436918016,0.767554192,"low",1.87207369978119
"148",148,"2118B",1016,"FEMALE",2.971361786,"2118A",1180,"FEMALE",1.534443769,1.436918016,0.669363808,"high",2.14669212590592
"149",149,"2120A",1123,"FEMALE",1.286269056,"2120B",1169,"MALE",2.998831714,1.712562659,0.843134516,"vlow",2.03118556588662
"150",150,"2120B",1169,"MALE",2.998831714,"2120A",1123,"FEMALE",1.286269056,1.712562659,0.688029767,"high",2.48908221873488
"151",151,"2121A",1121,"MALE",1.798161709,"2121B",1087,"MALE",1.830319519,0.03215781,0.3553552,"no",0.0904948344642206
"152",152,"2121B",1087,"MALE",1.830319519,"2121A",1121,"MALE",1.798161709,0.03215781,0.3231974,"no",0.0994989749298726
"153",153,"2122A",1167,"MALE",2.429622071,"2122B",1112,"FEMALE",1.93464849,0.494973582,0.134878767,"no",3.66976650965381
"154",154,"2122B",1112,"FEMALE",1.93464849,"2122A",1167,"MALE",2.429622071,0.494973582,0.216749666,"no",2.28361866080107
"155",155,"2123A",1145,"MALE",1.613418382,"2123B",1044,"FEMALE",2.813101906,1.199683524,0.676111141,"low",1.77438804251267
"156",156,"2123B",1044,"FEMALE",2.813101906,"2123A",1145,"MALE",1.613418382,1.199683524,0.661916912,"no",1.81243824149337
"157",157,"2124A",1083,"FEMALE",1.905030364,"2124B",1026,"FEMALE",1.701767232,0.203263131,0.393320196,"no",0.516787932750852
"158",158,"2124B",1026,"FEMALE",1.701767232,"2124A",1083,"FEMALE",1.905030364,0.203263131,0.596583396,"no",0.340712015055813
"159",159,"2125A",1005,"FEMALE",2.563089849,"2125B",1142,"MALE",2.276296459,0.28679339,0.418566216,"no",0.685180454219936
"160",160,"2125B",1142,"MALE",2.276296459,"2125A",1005,"FEMALE",2.563089849,0.28679339,0.012020336,"no",23.8590160874039
"161",161,"2129A",1013,"FEMALE",1.268803916,"2129B",1147,"MALE",3.57677472,2.307970805,0.876531213,"vlow",2.63307315332306
"162",162,"2129B",1147,"MALE",3.57677472,"2129A",1013,"FEMALE",1.268803916,2.307970805,1.302588352,"vhigh",1.77183436459902
"163",163,"2130A",1073,"MALE",1.954130763,"2130B",1170,"MALE",1.732627126,0.221503637,0.193998572,"no",1.14177972918275
"164",164,"2130B",1170,"MALE",1.732627126,"2130A",1073,"MALE",1.954130763,0.221503637,0.415502272,"no",0.533098497714111
"165",165,"2131A",1128,"MALE",1.809978823,"2131B",1126,"FEMALE",2.84370365,1.033724827,0.465949647,"no",2.21853334079251
"166",166,"2131B",1126,"FEMALE",2.84370365,"2131A",1128,"MALE",1.809978823,1.033724827,0.695750652,"no",1.48576910999431
"167",167,"2136A",1175,"FEMALE",2.279068213,"2136B",1120,"FEMALE",1.61340472,0.665663493,0.022740492,"no",29.2721675942631
"168",168,"2136B",1120,"FEMALE",1.61340472,"2136A",1175,"FEMALE",2.279068213,0.665663493,0.688403992,"low",0.966966346412471
"169",169,"2137A",1039,"MALE",3.043790788,"2137B",1089,"FEMALE",3.0031305,0.040660288,0.755649436,"high",0.0538084011750655
"170",170,"2137B",1089,"FEMALE",3.0031305,"2137A",1039,"MALE",3.043790788,0.040660288,0.888437923,"high",0.0457660427896885
"171",171,"2139A",1018,"FEMALE",3.115181385,"2139B",1101,"MALE",1.966725331,1.148456054,0.964779365,"vhigh",1.19038206626652
"172",172,"2139B",1101,"MALE",1.966725331,"2139A",1018,"FEMALE",3.115181385,1.148456054,0.323053913,"no",3.55499812193886
"173",173,"2141A",1139,"MALE",2.163523667,"2141B",1098,"FEMALE",2.001330767,0.1621929,0.129449718,"no",1.25294131579336
"174",174,"2141B",1098,"FEMALE",2.001330767,"2141A",1139,"MALE",2.163523667,0.1621929,0.147075953,"no",1.1027832673639
"175",175,"2145A",1152,"FEMALE",1.647255423,"2145B",1119,"MALE",1.911083521,0.263828097,0.51004929,"no",0.517260002459762
"176",176,"2145B",1119,"MALE",1.911083521,"2145A",1152,"FEMALE",1.647255423,0.263828097,0.393021967,"no",0.671280791284625
"177",177,"2149A",1028,"MALE",2.525302712,"2149B",1106,"FEMALE",2.098397397,0.426905316,0.230974521,"no",1.84827882379286
"178",178,"2149B",1106,"FEMALE",2.098397397,"2149A",1028,"MALE",2.525302712,0.426905316,0.031614763,"no",13.5033533542542
"179",179,"2150A",1175,"FEMALE",2.249613343,"2150B",1075,"FEMALE",2.068414197,0.181199146,0.050130874,"no",3.61452198100516
"180",180,"2150B",1075,"FEMALE",2.068414197,"2150A",1175,"FEMALE",2.249613343,0.181199146,0.231329974,"no",0.783292985629264
"181",181,"2151A",1010,"MALE",1.52240988,"2151B",1126,"FEMALE",2.777976415,1.255566535,0.753518547,"low",1.66627157353832
"182",182,"2151B",1126,"FEMALE",2.777976415,"2151A",1010,"MALE",1.52240988,1.255566535,0.622116508,"no",2.01821767925181
"183",183,"2152A",1042,"FEMALE",1.334112319,"2152B",1128,"MALE",3.171603279,1.83749096,0.813840748,"vlow",2.25780162091368
"184",184,"2152B",1128,"MALE",3.171603279,"2152A",1042,"FEMALE",1.334112319,1.83749096,0.868182974,"vhigh",2.11647891634419
"185",185,"2153A",1153,"FEMALE",3.100925732,"2153B",1139,"MALE",2.168780585,0.932145147,0.952518947,"vhigh",0.978610609201877
"186",186,"2153B",1139,"MALE",2.168780585,"2153A",1153,"FEMALE",3.100925732,0.932145147,0.115516754,"no",8.06935024334219
"187",187,"2154A",1002,"FEMALE",1.502249654,"2154B",1085,"MALE",2.505592271,1.003342617,0.645988921,"low",1.55318858324507
"188",188,"2154B",1085,"MALE",2.505592271,"2154A",1002,"FEMALE",1.502249654,1.003342617,0.212140335,"no",4.72961738747136
"189",189,"2155A",1120,"FEMALE",1.501420698,"2155B",1138,"FEMALE",2.708822621,1.207401923,0.782285974,"low",1.54342780406287
"190",190,"2155B",1138,"FEMALE",2.708822621,"2155A",1120,"FEMALE",1.501420698,1.207401923,0.425115926,"no",2.84017099608731
"191",191,"2157A",1018,"FEMALE",1.557749075,"2157B",1024,"MALE",1.35667601,0.201073065,0.601207979,"low",0.334448430532224
"192",192,"2157B",1024,"MALE",1.35667601,"2157A",1018,"FEMALE",1.557749075,0.201073065,0.933103213,"vlow",0.215488557105633
"193",193,"2158A",1167,"MALE",1.752731283,"2158B",1127,"MALE",2.20930738,0.456576096,0.400002401,"no",1.14143338854609
"194",194,"2158B",1127,"MALE",2.20930738,"2158A",1167,"MALE",1.752731283,0.456576096,0.056573699,"no",8.07046567699241
"195",195,"2160A",1167,"MALE",1.892246364,"2160B",1123,"FEMALE",1.409667938,0.482578425,0.418555533,"no",1.15296152350708
"196",196,"2160B",1123,"FEMALE",1.409667938,"2160A",1167,"MALE",1.892246364,0.482578425,0.741730266,"vlow",0.650611748125699
"197",197,"2161A",1157,"FEMALE",2.129406511,"2161B",1002,"FEMALE",2.433215052,0.303808541,0.166817506,"no",1.82120299172918
"198",198,"2161B",1002,"FEMALE",2.433215052,"2161A",1157,"FEMALE",2.129406511,0.303808541,0.136991094,"no",2.21772475953802
"199",199,"2162A",1132,"FEMALE",1.735609644,"2162B",1151,"MALE",1.714800925,0.020808719,0.422344013,"no",0.049269596252096
"200",200,"2162B",1151,"MALE",1.714800925,"2162A",1132,"FEMALE",1.735609644,0.020808719,0.582036216,"no",0.0357515880077126
"201",201,"2163A",1000,"FEMALE",2.688529348,"2163B",1129,"FEMALE",1.569372764,1.119156584,0.405315864,"no",2.76119610260308
"202",202,"2163B",1129,"FEMALE",1.569372764,"2163A",1000,"FEMALE",2.688529348,1.119156584,0.713840636,"low",1.56779612641721
"203",203,"2164A",1042,"FEMALE",1.780783768,"2164B",1023,"MALE",3.675277349,1.894493581,0.356372222,"no",5.31605289090124
"204",204,"2164B",1023,"MALE",3.675277349,"2164A",1042,"FEMALE",1.780783768,1.894493581,1.371856974,"vhigh",1.38097018632789
"205",205,"2165A",1128,"MALE",1.673538675,"2165B",1035,"FEMALE",1.54918487,0.124353805,0.616876292,"no",0.201586293090998
"206",206,"2165B",1035,"FEMALE",1.54918487,"2165A",1128,"MALE",1.673538675,0.124353805,0.598768148,"low",0.20768273231528
"207",207,"2166A",1141,"MALE",1.425479136,"2166B",1011,"FEMALE",2.044134163,0.618655027,0.867514271,"vlow",0.713135273598283
"208",208,"2166B",1011,"FEMALE",2.044134163,"2166A",1141,"MALE",1.425479136,0.618655027,0.110368817,"no",5.6053425579437
"209",209,"2167A",1152,"FEMALE",1.652037156,"2167B",1033,"FEMALE",0.474348685,1.177688471,0.642843849,"no",1.83199772826947
"210",210,"2167B",1033,"FEMALE",0.474348685,"2167A",1152,"FEMALE",1.652037156,1.177688471,1.820532349,"vlow",0.646892361812133
"211",211,"2168A",1071,"FEMALE",3.065528103,"2168B",1039,"MALE",2.93431671,0.131211393,0.950835523,"high",0.137995888695883
"212",212,"2168B",1039,"MALE",2.93431671,"2168A",1071,"FEMALE",3.065528103,0.131211393,0.662907726,"no",0.19793311776849
"213",213,"2169A",1124,"MALE",1.481599165,"2169B",1083,"FEMALE",2.498320204,1.016721038,0.808047901,"vlow",1.25824352336261
"214",214,"2169B",1083,"FEMALE",2.498320204,"2169A",1124,"MALE",1.481599165,1.016721038,0.339902106,"no",2.99121723594146
"215",215,"2171A",1024,"MALE",1.382087241,"2171B",1055,"FEMALE",1.641275894,0.259188653,0.912708544,"vlow",0.283977458854598
"216",216,"2171B",1055,"FEMALE",1.641275894,"2171A",1024,"MALE",1.382087241,0.259188653,0.517681179,"no",0.500672351080393
"217",217,"2172A",1022,"FEMALE",2.028795707,"2172B",1139,"MALE",2.081790055,0.052994348,0.119611053,"no",0.443055609584843
"218",218,"2172B",1139,"MALE",2.081790055,"2172A",1022,"FEMALE",2.028795707,0.052994348,0.211783914,"no",0.250228390811589
"219",219,"2173A",1018,"FEMALE",2.078604655,"2173B",1068,"FEMALE",1.604736776,0.473867878,0.217186783,"no",2.1818449145683
"220",220,"2173B",1068,"FEMALE",1.604736776,"2173A",1018,"FEMALE",2.078604655,0.473867878,0.691054683,"low",0.685716904403063
"221",221,"2174A",1122,"MALE",2.84579795,"2174B",1028,"MALE",3.310817962,0.465020012,0.725567272,"no",0.64090544039864
"222",222,"2174B",1028,"MALE",3.310817962,"2174A",1122,"MALE",2.84579795,0.465020012,1.190587272,"vhigh",0.390580365619766
"223",223,"2175A",1120,"FEMALE",2.620288094,"2175B",1179,"FEMALE",2.967071781,0.346783687,0.328758583,"no",1.05482778224531
"224",224,"2175B",1179,"FEMALE",2.967071781,"2175A",1120,"FEMALE",2.620288094,0.346783687,0.675542283,"high",0.513341201175412
"225",225,"2176A",1019,"MALE",1.811583417,"2176B",1176,"FEMALE",3.129066421,1.317483004,0.453481,"no",2.90526616109605
"226",226,"2176B",1176,"FEMALE",3.129066421,"2176A",1019,"MALE",1.811583417,1.317483004,0.974840374,"vhigh",1.35148588336987
"227",227,"2177A",1057,"FEMALE",1.574866022,"2177B",1013,"FEMALE",2.724606776,1.149740754,0.703718826,"low",1.63380701428044
"228",228,"2177B",1013,"FEMALE",2.724606776,"2177A",1057,"FEMALE",1.574866022,1.149740754,0.446021974,"no",2.57776706310887
"229",229,"2178A",1000,"FEMALE",2.542283908,"2178B",1035,"FEMALE",2.392210696,0.150073212,0.261214255,"no",0.574521524485714
"230",230,"2178B",1035,"FEMALE",2.392210696,"2178A",1000,"FEMALE",2.542283908,0.150073212,0.111141055,"no",1.35029501024621
"231",231,"2179A",1010,"MALE",1.548577174,"2179B",1128,"MALE",3.043989161,1.495411987,0.60958336,"low",2.45317061640265
"232",232,"2179B",1128,"MALE",3.043989161,"2179A",1010,"MALE",1.548577174,1.495411987,0.88582864,"high",1.68815041586373
"233",233,"2180A",1123,"FEMALE",1.50202787,"2180B",1117,"MALE",1.366552191,0.135475678,0.651322584,"low",0.208000891306419
"234",234,"2180B",1117,"MALE",1.366552191,"2180A",1123,"FEMALE",1.50202787,0.135475678,0.944249733,"vlow",0.143474414940608
"235",235,"2181A",1110,"MALE",1.907617925,"2181B",1174,"MALE",1.846880653,0.060737272,0.248654084,"no",0.244264123970713
"236",236,"2181B",1174,"MALE",1.846880653,"2181A",1110,"MALE",1.907617925,0.060737272,0.309391284,"no",0.196312162433121
"237",237,"2182A",1181,"MALE",3.260967725,"2182B",1027,"FEMALE",1.977675849,1.283291877,0.969619766,"vhigh",1.32350012035543
"238",238,"2182B",1027,"FEMALE",1.977675849,"2182A",1181,"MALE",3.260967725,1.283291877,0.141500015,"no",9.06919958277036
"239",239,"2184A",1152,"FEMALE",1.747008333,"2184B",1091,"FEMALE",1.847579391,0.100571058,0.559403724,"no",0.179782603663897
"240",240,"2184B",1091,"FEMALE",1.847579391,"2184A",1152,"FEMALE",1.747008333,0.100571058,0.458832624,"no",0.219188986875528
"241",241,"2185A",1071,"FEMALE",2.90109085,"2185B",1142,"MALE",2.070032728,0.831058122,0.756567316,"no",1.09845892681941
"242",242,"2185B",1142,"MALE",2.070032728,"2185A",1071,"FEMALE",2.90109085,0.831058122,0.201376274,"no",4.1268919396135
"243",243,"2186A",1139,"MALE",2.184507231,"2186B",1214,"FEMALE",2.204862908,0.020355678,0.11247211,"no",0.180984228001057
"244",244,"2186B",1214,"FEMALE",2.204862908,"2186A",1139,"MALE",2.184507231,0.020355678,0.056456147,"no",0.360557336652818
"245",245,"2187A",1214,"FEMALE",2.134249458,"2187B",1093,"FEMALE",2.983233066,0.848983608,0.154901062,"no",5.48081205537506
"246",246,"2187B",1093,"FEMALE",2.983233066,"2187A",1214,"FEMALE",2.134249458,0.848983608,0.694082538,"high",1.22317384679688
"247",247,"2189A",1078,"MALE",3.075758786,"2189B",1033,"FEMALE",3.206166484,0.130407698,0.794983735,"high",0.164038196328633
"248",248,"2189B",1033,"FEMALE",3.206166484,"2189A",1078,"MALE",3.075758786,0.130407698,1.069107933,"vhigh",0.121978047281032
"249",249,"2190A",1104,"MALE",2.170845076,"2190B",1039,"MALE",2.794164636,0.623319559,0.060215734,"no",10.3514400239645
"250",250,"2190B",1039,"MALE",2.794164636,"2190A",1104,"MALE",2.170845076,0.623319559,0.683535234,"no",0.911905528779223
"251",251,"2191A",1148,"FEMALE",3.12124816,"2191B",1086,"FEMALE",3.002892069,0.118356091,0.862864544,"vhigh",0.137166478589251
"252",252,"2191B",1086,"FEMALE",3.002892069,"2191A",1148,"FEMALE",3.12124816,0.118356091,0.744508444,"high",0.15897212711801
"253",253,"2193A",1106,"FEMALE",1.975522023,"2193B",1159,"MALE",2.424978992,0.449456969,0.167588894,"no",2.68190187471492
"254",254,"2193B",1159,"MALE",2.424978992,"2193A",1106,"FEMALE",1.975522023,0.449456969,0.130650821,"no",3.44013887980084
"255",255,"2194A",1019,"MALE",1.862626392,"2194B",1220,"MALE",1.085240093,0.777386299,0.295186827,"no",2.63353994113023
"256",256,"2194B",1220,"MALE",1.085240093,"2194A",1019,"MALE",1.862626392,0.777386299,1.072573127,"vlow",0.724786291424585
"257",257,"2195A",1180,"FEMALE",1.89801818,"2195B",1157,"FEMALE",1.814392482,0.083625698,0.409531192,"no",0.204198604730455
"258",258,"2195B",1157,"FEMALE",1.814392482,"2195A",1180,"FEMALE",1.89801818,0.083625698,0.493156892,"no",0.169572197725668
"259",259,"2196A",1181,"MALE",3.146948913,"2196B",1022,"FEMALE",2.054704897,1.092244016,0.853374886,"vhigh",1.27991113157741
"260",260,"2196B",1022,"FEMALE",2.054704897,"2196A",1181,"MALE",3.146948913,1.092244016,0.064470915,"no",16.9416552564827
"261",261,"2197A",1110,"MALE",1.578081312,"2197B",1073,"MALE",1.817307233,0.239225921,0.58339925,"low",0.410055242614727
"262",262,"2197B",1073,"MALE",1.817307233,"2197A",1110,"MALE",1.578081312,0.239225921,0.34417335,"no",0.695073924230333
"263",263,"2198A",1145,"MALE",1.725638723,"2198B",1124,"MALE",1.332940293,0.392698431,0.438439739,"no",0.895672531636098
"264",264,"2198B",1124,"MALE",1.332940293,"2198A",1145,"MALE",1.725638723,0.392698431,0.831138139,"vlow",0.472482746938412
"265",265,"2199A",1124,"MALE",1.334783494,"2199B",1138,"FEMALE",2.986701595,1.651918101,0.940444515,"vlow",1.75652903988706
"266",266,"2199B",1138,"FEMALE",2.986701595,"2199A",1124,"MALE",1.334783494,1.651918101,0.828283506,"high",1.99438729497047
"267",267,"2201A",1060,"FEMALE",2.81310594,"2201B",1059,"MALE",3.160721169,0.347615229,0.676137808,"no",0.514118904292954
"268",268,"2201B",1059,"MALE",3.160721169,"2201A",1060,"FEMALE",2.81310594,0.347615229,0.883135112,"vhigh",0.393615002140239
"269",269,"2202A",1141,"MALE",1.695790616,"2202B",1042,"FEMALE",1.471983811,0.223806805,0.607629726,"no",0.36832761042372
"270",270,"2202B",1042,"FEMALE",1.471983811,"2202A",1141,"MALE",1.695790616,0.223806805,0.682519217,"vlow",0.327912825639897
"271",271,"2203A",1151,"MALE",1.783563858,"2203B",1107,"FEMALE",2.272214503,0.488650645,0.512612598,"no",0.953255239739543
"272",272,"2203B",1107,"FEMALE",2.272214503,"2203A",1151,"MALE",1.783563858,0.488650645,0.114260887,"no",4.27662219180917
"273",273,"2204A",1041,"MALE",1.475785985,"2204B",1101,"MALE",1.913126167,0.437340182,0.677966021,"vlow",0.645076845230272
"274",274,"2204B",1101,"MALE",1.913126167,"2204A",1041,"MALE",1.475785985,0.437340182,0.240625821,"no",1.81751143822591
"275",275,"2205A",1148,"FEMALE",2.971494443,"2205B",1039,"MALE",3.079438316,0.107943873,0.856801823,"high",0.125984644409423
"276",276,"2205B",1039,"MALE",3.079438316,"2205A",1148,"FEMALE",2.971494443,0.107943873,0.81308735,"high",0.132758027781394
"277",277,"2206A",1139,"MALE",1.882438483,"2206B",1156,"FEMALE",1.429909795,0.452528687,0.412437126,"no",1.09720647941864
"278",278,"2206B",1156,"FEMALE",1.429909795,"2206A",1139,"MALE",1.882438483,0.452528687,0.718496953,"vlow",0.629826869982565
"279",279,"2220A",1071,"FEMALE",2.665510446,"2220B",1179,"FEMALE",2.883675544,0.218165098,0.401826464,"no",0.542933623207057
"280",280,"2220B",1179,"FEMALE",2.883675544,"2220A",1071,"FEMALE",2.665510446,0.218165098,0.619991564,"no",0.351883978214904
"281",281,"2221A",1013,"FEMALE",2.663976746,"2221B",1108,"MALE",2.549356856,0.11461989,0.519121384,"no",0.22079593238255
"282",282,"2221B",1108,"MALE",2.549356856,"2221A",1013,"FEMALE",2.663976746,0.11461989,0.275170552,"no",0.41654126565113
"283",283,"2222A",1145,"MALE",2.294269763,"2222B",1123,"FEMALE",1.436931138,0.857338624,0.016532133,"no",51.8589237093604
"284",284,"2222B",1123,"FEMALE",1.436931138,"2222A",1145,"MALE",2.294269763,0.857338624,0.714253888,"vlow",1.20032755635486
"285",285,"2223A",1010,"MALE",1.803450091,"2223B",1045,"FEMALE",1.30740506,0.496045031,0.489678692,"no",1.01300105376037
"286",286,"2223B",1045,"FEMALE",1.30740506,"2223A",1010,"MALE",1.803450091,0.496045031,0.848454792,"vlow",0.584645211126346
"287",287,"2224A",1010,"MALE",1.676181667,"2224B",1115,"MALE",1.815509215,0.139327548,0.486060609,"no",0.286646449887487
"288",288,"2224B",1115,"MALE",1.815509215,"2224A",1010,"MALE",1.676181667,0.139327548,0.346733109,"no",0.401829373611967
"289",289,"2226A",1152,"FEMALE",1.797777723,"2226B",1106,"FEMALE",2.258243652,0.46046593,0.510815975,"no",0.901432125336331
"290",290,"2226B",1106,"FEMALE",2.258243652,"2226A",1152,"FEMALE",1.797777723,0.46046593,0.050349975,"no",9.14530603043994
"291",291,"2227A",1167,"MALE",2.225941846,"2227B",1401,"FEMALE",2.267433414,0.041491568,0.064762545,"no",0.640672289824311
"292",292,"2227B",1401,"FEMALE",2.267433414,"2227A",1167,"MALE",2.225941846,0.041491568,0.116035234,"no",0.357577320006094
"293",293,"2228A",1120,"FEMALE",2.829180043,"2228B",1119,"MALE",1.521180709,1.307999333,0.67187531,"no",1.94678880669093
"294",294,"2228B",1119,"MALE",1.521180709,"2228A",1120,"FEMALE",2.829180043,1.307999333,0.777692977,"low",1.68189680463065
"295",295,"2229A",1139,"MALE",2.007816496,"2229B",1075,"FEMALE",1.799349856,0.20846664,0.289050895,"no",0.721210844200984
"296",296,"2229B",1075,"FEMALE",1.799349856,"2229A",1139,"MALE",2.007816496,0.20846664,0.349056853,"no",0.597228326011408
"297",297,"2230A",1084,"MALE",1.743042281,"2230B",1181,"MALE",3.411416099,1.668373818,0.377426867,"no",4.42038965392466
"298",298,"2230B",1181,"MALE",3.411416099,"2230A",1084,"MALE",1.743042281,1.668373818,1.290946933,"vhigh",1.29236436862893
"299",299,"2231A",1000,"FEMALE",2.50965715,"2231B",1138,"FEMALE",3.044310312,0.534653162,0.244302483,"no",2.18848844855989
"300",300,"2231B",1138,"FEMALE",3.044310312,"2231A",1000,"FEMALE",2.50965715,0.534653162,0.778955683,"high",0.68637173290897
"301",301,"2232A",1083,"FEMALE",2.070728033,"2232B",1039,"MALE",2.745702135,0.674974102,0.043964577,"no",15.3526804545396
"302",302,"2232B",1039,"MALE",2.745702135,"2232A",1083,"FEMALE",2.070728033,0.674974102,0.456054999,"no",1.48002785514911
"303",303,"2233A",1128,"MALE",1.344675585,"2233B",1028,"MALE",3.276315984,1.9316404,0.787023371,"vlow",2.45436218437279
"304",304,"2233B",1028,"MALE",3.276315984,"2233A",1128,"MALE",1.344675585,1.9316404,1.144617029,"vhigh",1.68758663470837
"305",305,"2234A",1148,"FEMALE",3.024512872,"2234B",1094,"FEMALE",2.709842397,0.314670475,0.762497316,"high",0.412684042811765
"306",306,"2234B",1094,"FEMALE",2.709842397,"2234A",1148,"FEMALE",3.024512872,0.314670475,0.447826816,"no",0.702661081823202
"307",307,"2235A",1052,"MALE",2.618031743,"2235B",1083,"FEMALE",2.166622979,0.451408764,0.328384599,"no",1.37463439325302
"308",308,"2235B",1083,"FEMALE",2.166622979,"2235A",1052,"MALE",2.618031743,0.451408764,0.029598689,"no",15.250971554855
"309",309,"2236A",1016,"FEMALE",1.500048123,"2236B",1041,"MALE",2.198239791,0.698191668,0.649074226,"low",1.07567307409923
"310",310,"2236B",1041,"MALE",2.198239791,"2236A",1016,"FEMALE",1.500048123,0.698191668,0.088991392,"no",7.84560902249961
"311",311,"2237A",1043,"FEMALE",1.558666854,"2237B",1108,"MALE",2.506003352,0.947336498,0.586188416,"low",1.61609556269362
"312",312,"2237B",1108,"MALE",2.506003352,"2237A",1043,"FEMALE",1.558666854,0.947336498,0.209705411,"no",4.51746329998132
"313",313,"2238A",1180,"FEMALE",1.294285055,"2238B",1096,"FEMALE",1.785150509,0.490865454,1.013746216,"vlow",0.484209406903473
"314",314,"2238B",1096,"FEMALE",1.785150509,"2238A",1180,"FEMALE",1.294285055,0.490865454,0.522880816,"no",0.938771205559012
"315",315,"2239A",1075,"FEMALE",1.766237684,"2239B",1176,"FEMALE",3.258459435,1.492221751,0.505116719,"no",2.95421175912413
"316",316,"2239B",1176,"FEMALE",3.258459435,"2239A",1075,"FEMALE",1.766237684,1.492221751,0.987104981,"vhigh",1.51171534914988
"317",317,"2240A",1121,"MALE",1.840100805,"2240B",1147,"MALE",1.7698717,0.070229105,0.311233248,"no",0.225647823461329
"318",318,"2240B",1147,"MALE",1.7698717,"2240A",1121,"MALE",1.840100805,0.070229105,0.381462348,"no",0.184104946053549
"319",319,"2241A",1169,"MALE",1.614023038,"2241B",1142,"MALE",1.555735628,0.058287411,0.513598907,"low",0.113488191282307
"320",320,"2241B",1142,"MALE",1.555735628,"2241A",1169,"MALE",1.614023038,0.058287411,0.571886307,"low",0.101921326470927
"321",321,"2242A",1010,"MALE",1.873648408,"2242B",1095,"MALE",1.692946148,0.18070226,0.283764893,"no",0.636802735143138
"322",322,"2242B",1095,"MALE",1.692946148,"2242A",1010,"MALE",1.873648408,0.18070226,0.464467193,"no",0.389052795812857
"323",323,"2243A",1151,"MALE",2.027476964,"2243B",1130,"FEMALE",1.35811523,0.669361734,0.278087831,"no",2.40701555185994
"324",324,"2243B",1130,"FEMALE",1.35811523,"2243A",1151,"MALE",2.027476964,0.669361734,0.799838413,"vlow",0.836871201883623
"325",325,"2244A",1130,"FEMALE",1.36334279,"2244B",1107,"FEMALE",1.893719051,0.530376261,0.94864435,"vlow",0.559088620514105
"326",326,"2244B",1107,"FEMALE",1.893719051,"2244A",1130,"FEMALE",1.36334279,0.530376261,0.41826805,"no",1.26802958294328
"327",327,"2245A",1141,"MALE",1.867113702,"2245B",1126,"FEMALE",2.737205556,0.870091854,0.408814747,"no",2.12832795388372
"328",328,"2245B",1126,"FEMALE",2.737205556,"2245A",1141,"MALE",1.867113702,0.870091854,0.582702583,"no",1.49320061277298
"329",329,"2246A",1013,"FEMALE",2.949519469,"2246B",1110,"MALE",1.708678038,1.240841431,0.795009456,"high",1.56078826690082
"330",330,"2246B",1110,"MALE",1.708678038,"2246A",1013,"FEMALE",2.949519469,1.240841431,0.565508348,"no",2.19420532939683
"331",331,"2247A",1085,"MALE",1.647265712,"2247B",1170,"MALE",3.507806021,1.860540309,0.496408366,"no",3.74800353183411
"332",332,"2247B",1170,"MALE",3.507806021,"2247A",1085,"MALE",1.647265712,1.860540309,1.364131934,"vhigh",1.3639005602225
"333",333,"2248A",1000,"FEMALE",2.571428483,"2248B",1112,"FEMALE",1.835580158,0.735848324,0.285869076,"no",2.57407458790681
"334",334,"2248B",1112,"FEMALE",1.835580158,"2248A",1000,"FEMALE",2.571428483,0.735848324,0.449979224,"no",1.63529399748465
"335",335,"2249A",1132,"FEMALE",1.54592719,"2249B",1135,"FEMALE",2.721436353,1.175509163,0.744928912,"low",1.57801522274652
"336",336,"2249B",1135,"FEMALE",2.721436353,"2249A",1132,"FEMALE",1.54592719,1.175509163,0.430580288,"no",2.73005800720724
"337",337,"2250A",1145,"MALE",1.403238066,"2250B",1133,"MALE",2.146113208,0.742875142,0.753223484,"vlow",0.986261259480327
"338",338,"2250B",1133,"MALE",2.146113208,"2250A",1145,"MALE",1.403238066,0.742875142,0.010348384,"no",71.7865844560851
"339",339,"2251A",1401,"FEMALE",2.154987884,"2251B",1181,"MALE",2.207963738,0.052975854,0.035812085,"no",1.47927310012807
"340",340,"2251B",1181,"MALE",2.207963738,"2251A",1401,"FEMALE",2.154987884,0.052975854,0.082740645,"no",0.640263971836333
"341",341,"2252A",1078,"MALE",3.063850245,"2252B",1140,"MALE",2.976938598,0.086911647,0.933472384,"high",0.0931057506249697
"342",342,"2252B",1140,"MALE",2.976938598,"2252A",1078,"MALE",3.063850245,0.086911647,0.846560784,"high",0.102664390605648
"343",343,"2253A",1140,"MALE",2.866680758,"2253B",1149,"FEMALE",2.268294903,0.598385856,0.578863434,"no",1.03372543652498
"344",344,"2253B",1149,"FEMALE",2.268294903,"2253A",1140,"MALE",2.866680758,0.598385856,0.128859238,"no",4.64371716989356
"345",345,"2254A",1124,"MALE",1.419677969,"2254B",1007,"FEMALE",2.227442571,0.807764602,0.868179732,"vlow",0.930411724930708
"346",346,"2254B",1007,"FEMALE",2.227442571,"2254A",1124,"MALE",1.419677969,0.807764602,0.069024506,"no",11.7025770818266
"347",347,"2255A",1139,"MALE",2.216311283,"2255B",1175,"FEMALE",2.216797704,0.000486421,0.07658385,"no",0.00635148272122647
"348",348,"2255B",1175,"FEMALE",2.216797704,"2255A",1139,"MALE",2.216311283,0.000486421,0.068390947,"no",0.00711235947646697
"349",349,"2256A",1063,"MALE",2.236889603,"2256B",1152,"FEMALE",1.723487632,0.513401971,0.067215867,"no",7.63810680296663
"350",350,"2256B",1152,"FEMALE",1.723487632,"2256A",1063,"MALE",2.236889603,0.513401971,0.4365404,"no",1.17606977727606
"351",351,"2257A",1115,"MALE",1.529229755,"2257B",1159,"MALE",2.071040863,0.541811107,0.619937145,"low",0.873977485249735
"352",352,"2257B",1159,"MALE",2.071040863,"2257A",1115,"MALE",1.529229755,0.541811107,0.078126045,"no",6.93508940584411
"353",353,"2258A",1140,"MALE",2.87355372,"2258B",1102,"MALE",2.267647412,0.605906308,0.734149783,"no",0.825317015724024
"354",354,"2258B",1102,"MALE",2.267647412,"2258A",1140,"MALE",2.87355372,0.605906308,0.128243483,"no",4.72465573942654
"355",355,"2259A",1055,"FEMALE",1.690267617,"2259B",1101,"MALE",1.858656687,0.16838907,0.460134435,"no",0.36595624493959
"356",356,"2259B",1101,"MALE",1.858656687,"2259A",1055,"FEMALE",1.690267617,0.16838907,0.436139044,"no",0.38609033590673
"357",357,"2260A",1047,"MALE",2.100428536,"2260B",1005,"FEMALE",2.59537879,0.494950254,0.187888336,"no",2.63427876651162
"358",358,"2260B",1005,"FEMALE",2.59537879,"2260A",1047,"MALE",2.100428536,0.494950254,0.446450246,"no",1.10863474359022
"359",359,"2261A",1180,"FEMALE",2.002103067,"2261B",1122,"MALE",2.845664968,0.843561901,0.134486408,"no",6.27246956435925
"360",360,"2261B",1122,"MALE",2.845664968,"2261A",1180,"FEMALE",2.002103067,0.843561901,0.541031303,"no",1.55917392639294
"361",361,"2262A",1043,"FEMALE",1.884515883,"2262B",1148,"FEMALE",3.030859171,1.146343288,0.387898175,"no",2.95526857789419
"362",362,"2262B",1148,"FEMALE",3.030859171,"2262A",1043,"FEMALE",1.884515883,1.146343288,0.758445125,"high",1.5114386660472
"363",363,"2263A",1043,"FEMALE",1.379291224,"2263B",1059,"MALE",3.161374677,1.782083453,0.757676892,"vlow",2.3520361671529
"364",364,"2263B",1059,"MALE",3.161374677,"2263A",1043,"FEMALE",1.379291224,1.782083453,0.865076711,"vhigh",2.06002939431807
"365",365,"2264A",1096,"FEMALE",1.841356362,"2264B",1094,"FEMALE",2.742063326,0.900706964,0.447926827,"no",2.01083505096693
"366",366,"2264B",1094,"FEMALE",2.742063326,"2264A",1096,"FEMALE",1.841356362,0.900706964,0.452780073,"no",1.98928137016313
"367",367,"2265A",1052,"MALE",2.77735994,"2265B",1061,"MALE",3.387048827,0.609688887,0.65315897,"no",0.933446396671242
"368",368,"2265B",1061,"MALE",3.387048827,"2265A",1052,"MALE",2.77735994,0.609688887,1.26284787,"vhigh",0.482788862763018
"369",369,"2266A",1061,"MALE",1.654966475,"2266B",1098,"FEMALE",2.104779969,0.449813495,0.638006918,"no",0.705029181203957
"370",370,"2266B",1098,"FEMALE",2.104779969,"2266A",1061,"MALE",1.654966475,0.449813495,0.028847826,"no",15.5926306197216
"371",371,"2267A",1120,"FEMALE",1.746663356,"2267B",1126,"FEMALE",2.801390639,1.054727283,0.53778717,"no",1.96123548838103
"372",372,"2267B",1126,"FEMALE",2.801390639,"2267A",1120,"FEMALE",1.746663356,1.054727283,0.51694003,"no",2.04032812664943
"373",373,"2268A",1031,"FEMALE",1.817288833,"2268B",1112,"FEMALE",1.873870468,0.056581635,0.484989698,"no",0.116665643071041
"374",374,"2268B",1112,"FEMALE",1.873870468,"2268A",1031,"FEMALE",1.817288833,0.056581635,0.428407998,"no",0.132074179903616
"375",375,"2269A",1181,"MALE",3.28363291,"2269B",1087,"MALE",1.964071895,1.319561015,1.162947016,"vhigh",1.13466993495429
"376",376,"2269B",1087,"MALE",1.964071895,"2269A",1181,"MALE",3.28363291,1.319561015,0.156613984,"no",8.42556316682423
"377",377,"2270A",1147,"MALE",1.956795085,"2270B",1061,"MALE",3.5303312,1.573536115,0.17591615,"no",8.94480759725585
"378",378,"2270B",1061,"MALE",3.5303312,"2270A",1147,"MALE",1.956795085,1.573536115,1.39761995,"vhigh",1.12586838432007
"379",379,"2271A",1154,"MALE",1.637634361,"2271B",1170,"MALE",3.481040404,1.843406042,0.505438158,"no",3.64714458697438
"380",380,"2271B",1170,"MALE",3.481040404,"2271A",1154,"MALE",1.637634361,1.843406042,1.337967842,"vhigh",1.37776558160357
"381",381,"2272A",1016,"FEMALE",3.500088769,"2272B",1007,"FEMALE",3.057056736,0.443032033,1.215357118,"vhigh",0.364528274396464
"382",382,"2272B",1007,"FEMALE",3.057056736,"2272A",1016,"FEMALE",3.500088769,0.443032033,0.772325018,"high",0.57363418596392
"383",383,"2273A",1019,"MALE",1.781379648,"2273B",1023,"MALE",2.129978454,0.348598806,0.364060673,"no",0.957529422575121
"384",384,"2273B",1023,"MALE",2.129978454,"2273A",1019,"MALE",1.781379648,0.348598806,0.015461773,"no",22.5458494313686
"385",385,"2274A",1007,"FEMALE",1.962703085,"2274B",1075,"FEMALE",2.221454159,0.258751073,0.331834023,"no",0.7797605280517
"386",386,"2274B",1075,"FEMALE",2.221454159,"2274A",1007,"FEMALE",1.962703085,0.258751073,0.073082923,"no",3.54051346577914
"387",387,"2275A",1115,"MALE",1.967212941,"2275B",1026,"FEMALE",1.934879212,0.032333728,0.331504366,"no",0.0975363564291639
"388",388,"2275B",1026,"FEMALE",1.934879212,"2275A",1115,"MALE",1.967212941,0.032333728,0.217073414,"no",0.148952962061029
"389",389,"2276A",1105,"FEMALE",1.764074225,"2276B",1063,"MALE",1.712462157,0.051612068,0.3959538,"no",0.130348712400285
"390",390,"2276B",1063,"MALE",1.712462157,"2276A",1105,"FEMALE",1.764074225,0.051612068,0.581155988,"no",0.0888093198138053
"391",391,"2277A",1033,"FEMALE",2.904150421,"2277B",1175,"FEMALE",2.133538826,0.770611596,0.620862629,"no",1.24119500837278
"392",392,"2277B",1175,"FEMALE",2.133538826,"2277A",1033,"FEMALE",2.904150421,0.770611596,0.149748971,"no",5.14602264612556
"393",393,"2278A",1090,"MALE",1.770107092,"2278B",1028,"MALE",2.735608172,0.965501081,0.361203997,"no",2.67300774359925
"394",394,"2278B",1028,"MALE",2.735608172,"2278A",1090,"MALE",1.770107092,0.965501081,0.604297103,"no",1.59772581434997
"395",395,"2279A",1167,"MALE",2.108288267,"2279B",1000,"FEMALE",2.580821928,0.47253366,0.172768518,"no",2.73506808688375
"396",396,"2279B",1000,"FEMALE",2.580821928,"2279A",1167,"MALE",2.108288267,0.47253366,0.429423734,"no",1.10039018011054
"397",397,"2280A",1175,"FEMALE",2.279427151,"2280B",1116,"MALE",2.515248378,0.235821228,0.134710147,"no",1.75058251551013
"398",398,"2280B",1116,"MALE",2.515248378,"2280A",1175,"FEMALE",2.279427151,0.235821228,0.22235325,"no",1.06057018730331
"399",399,"2281A",1260,"FEMALE",2.61008275,"2281B",1159,"MALE",2.542027246,0.068055504,0.466971906,"no",0.145737897988236
"400",400,"2281B",1159,"MALE",2.542027246,"2281A",1260,"FEMALE",2.61008275,0.068055504,0.251185056,"no",0.270937710561889
"401",401,"2282A",1139,"MALE",2.122273408,"2282B",1149,"FEMALE",2.409924959,0.287651551,0.165543966,"no",1.73761422992609
"402",402,"2282B",1149,"FEMALE",2.409924959,"2282A",1139,"MALE",2.122273408,0.287651551,0.261518247,"no",1.09992918008509
"403",403,"2283A",1214,"FEMALE",1.992389726,"2283B",1073,"MALE",1.843355654,0.149034072,0.160230337,"no",0.930123937765918
"404",404,"2283B",1073,"MALE",1.843355654,"2283A",1214,"FEMALE",1.992389726,0.149034072,0.45362361,"no",0.328541259128906
"405",405,"2284A",1083,"FEMALE",2.453779591,"2284B",1153,"FEMALE",2.880751925,0.426972334,0.170241153,"no",2.50804418600243
"406",406,"2284B",1153,"FEMALE",2.880751925,"2284A",1083,"FEMALE",2.453779591,0.426972334,0.597213453,"no",0.714940917447819
"407",407,"2285A",1214,"FEMALE",2.118544726,"2285B",1068,"FEMALE",1.586455741,0.532088984,0.184622715,"no",2.88203422856175
"408",408,"2285B",1068,"FEMALE",1.586455741,"2285A",1214,"FEMALE",2.118544726,0.532088984,0.716711715,"low",0.742403079039946
"409",409,"2286A",1024,"MALE",1.438118209,"2286B",1178,"FEMALE",2.074594427,0.636476218,0.854132982,"vlow",0.745172275761621
"410",410,"2286B",1178,"FEMALE",2.074594427,"2286A",1024,"MALE",1.438118209,0.636476218,0.084362679,"no",7.54452354458777
"411",411,"2287A",1022,"FEMALE",2.064285729,"2287B",1135,"FEMALE",2.509697095,0.445411366,0.22317468,"no",1.99579704113388
"412",412,"2287B",1135,"FEMALE",2.509697095,"2287A",1022,"FEMALE",2.064285729,0.445411366,0.22223672,"no",2.00422039166165
"413",413,"2288A",1093,"FEMALE",2.932961306,"2288B",1219,"MALE",2.248913566,0.684047741,0.787758876,"no",0.868346599245427
"414",414,"2288B",1219,"MALE",2.248913566,"2288A",1093,"FEMALE",2.932961306,0.684047741,0.033648052,"no",20.329490129176
"415",415,"2290A",1101,"MALE",2.247124222,"2290B",1053,"FEMALE",1.550031919,0.697092304,0.047196793,"no",14.7699082859295
"416",416,"2290B",1053,"FEMALE",1.550031919,"2290A",1101,"MALE",2.247124222,0.697092304,0.600370135,"low",1.16110423114234
"417",417,"2291A",1180,"FEMALE",1.63513663,"2291B",1084,"MALE",2.457091367,0.821954737,0.512315906,"no",1.60439043054033
"418",418,"2291B",1084,"MALE",2.457091367,"2291A",1180,"FEMALE",1.63513663,0.821954737,0.152457703,"no",5.39136246202004
"419",419,"2292A",1148,"FEMALE",2.976124154,"2292B",1176,"FEMALE",3.036050071,0.059925917,0.736642744,"high",0.0813500404206792
"420",420,"2292B",1176,"FEMALE",3.036050071,"2292A",1148,"FEMALE",2.976124154,0.059925917,0.796568644,"high",0.0752300727016817
"421",421,"2293A",1120,"FEMALE",1.6150195,"2293B",1142,"MALE",2.800781577,1.185762077,0.529504084,"no",2.23938230663392
"422",422,"2293B",1142,"MALE",2.800781577,"2293A",1120,"FEMALE",1.6150195,1.185762077,0.501907923,"no",2.36250918278491
"423",423,"2294A",1121,"MALE",1.882160186,"2294B",1122,"MALE",2.812194766,0.930034579,0.26018936,"no",3.57445277162756
"424",424,"2294B",1122,"MALE",2.812194766,"2294A",1121,"MALE",1.882160186,0.930034579,0.66984524,"no",1.38843201901382
"425",425,"2295A",1000,"FEMALE",2.617077656,"2295B",1016,"FEMALE",3.251769078,0.634691422,0.339407491,"no",1.86999827296092
"426",426,"2295B",1016,"FEMALE",3.251769078,"2295A",1000,"FEMALE",2.617077656,0.634691422,0.974098891,"vhigh",0.651567749295384
"427",427,"2296A",1130,"FEMALE",1.398998077,"2296B",1056,"MALE",1.624497265,0.225499188,0.754491851,"vlow",0.298875577915287
"428",428,"2296B",1056,"MALE",1.624497265,"2296A",1130,"FEMALE",1.398998077,0.225499188,0.681067531,"no",0.331096664774055
"429",429,"2297A",1019,"MALE",1.918884131,"2297B",1052,"MALE",2.710336242,0.791452111,0.226393597,"no",3.49591208182447
"430",430,"2297B",1052,"MALE",2.710336242,"2297A",1019,"MALE",1.918884131,0.791452111,0.565058503,"no",1.40065516543514
"431",431,"2298A",1170,"MALE",1.839028394,"2298B",1023,"MALE",1.765655636,0.073372758,0.293304961,"no",0.250158598578904
"432",432,"2298B",1023,"MALE",1.765655636,"2298A",1170,"MALE",1.839028394,0.073372758,0.366677761,"no",0.200101467293513
"433",433,"2299A",1108,"MALE",2.043419054,"2299B",1107,"FEMALE",1.711091951,0.332327102,0.252757398,"no",1.31480662734153
"434",434,"2299B",1107,"FEMALE",1.711091951,"2299A",1108,"MALE",2.043419054,0.332327102,0.433763316,"no",0.766148472546258
"435",435,"2300A",1083,"FEMALE",3.239940703,"2300B",1061,"MALE",1.931049095,1.308891609,1.106312874,"vhigh",1.1831116131439
"436",436,"2300B",1061,"MALE",1.931049095,"2300A",1083,"FEMALE",3.239940703,1.308891609,0.358598001,"no",3.65002483379711
"437",437,"2301A",1013,"FEMALE",3.50708522,"2301B",1133,"MALE",1.938168421,1.568916799,1.356142556,"vhigh",1.15689666404068
"438",438,"2301B",1133,"MALE",1.938168421,"2301A",1013,"FEMALE",3.50708522,1.568916799,0.336017948,"no",4.6691458249129
"439",439,"2302A",1047,"MALE",1.896289554,"2302B",1085,"MALE",1.840533982,0.055755572,0.255017092,"no",0.218634647437671
"440",440,"2302B",1085,"MALE",1.840533982,"2302A",1047,"MALE",1.896289554,0.055755572,0.310772692,"no",0.179409495863942
"441",441,"2303A",1028,"MALE",2.433750238,"2303B",1031,"FEMALE",1.744504813,0.689245426,0.136156101,"no",5.06217070654807
"442",442,"2303B",1031,"FEMALE",1.744504813,"2303A",1028,"MALE",2.433750238,0.689245426,0.385507363,"no",1.78789172958027
"443",443,"2304A",1105,"FEMALE",1.670554347,"2304B",1167,"MALE",1.9074381,0.236883753,0.480843866,"no",0.492641727907578
"444",444,"2304B",1167,"MALE",1.9074381,"2304A",1105,"FEMALE",1.670554347,0.236883753,0.386180088,"no",0.613402296909726
"445",445,"2305A",1141,"MALE",1.298575578,"2305B",1169,"MALE",2.957699669,1.659124091,0.839264973,"vlow",1.97687755878738
"446",446,"2305B",1169,"MALE",2.957699669,"2305A",1141,"MALE",1.298575578,1.659124091,0.819859127,"high",2.02366972124956
"447",447,"2306A",1123,"FEMALE",1.506624184,"2306B",1060,"FEMALE",2.828485099,1.321860915,0.791656791,"low",1.66973987974039
"448",448,"2306B",1060,"FEMALE",2.828485099,"2306A",1123,"FEMALE",1.506624184,1.321860915,0.530204109,"no",2.49311707050539
"449",449,"2307A",1115,"MALE",2.311913586,"2307B",1020,"FEMALE",1.711648573,0.600265013,0.018301848,"no",32.7980547647429
"450",450,"2307B",1020,"FEMALE",1.711648573,"2307A",1115,"MALE",2.311913586,0.600265013,0.440304014,"no",1.363296708442
"451",451,"2308A",1214,"FEMALE",2.098549115,"2308B",1117,"MALE",1.915615167,0.182933948,0.054801384,"no",3.33812642396039
"452",452,"2308B",1117,"MALE",1.915615167,"2308A",1214,"FEMALE",2.098549115,0.182933948,0.38136411,"no",0.47968317731839
"453",453,"2309A",1022,"FEMALE",2.143797506,"2309B",1078,"MALE",2.977936022,0.834138516,0.006738933,"no",123.779019022744
"454",454,"2309B",1078,"MALE",2.977936022,"2309A",1022,"FEMALE",2.143797506,0.834138516,0.684361986,"high",1.21885571242117
"455",455,"2310A",1127,"MALE",1.885614078,"2310B",1101,"MALE",1.895286396,0.009672319,0.266105251,"no",0.0363477194217411
"456",456,"2310B",1101,"MALE",1.895286396,"2310A",1127,"MALE",1.885614078,0.009672319,0.256432951,"no",0.0377187056588527
"457",457,"2311A",1214,"FEMALE",1.86103442,"2311B",1007,"FEMALE",2.438129223,0.577094803,0.43359491,"no",1.33095382277435
"458",458,"2311B",1007,"FEMALE",2.438129223,"2311A",1214,"FEMALE",1.86103442,0.577094803,0.14349989,"no",4.02156965416489
"459",459,"2312A",1145,"MALE",2.238426126,"2312B",1075,"FEMALE",2.013449487,0.224976639,0.058441295,"no",3.8496176205541
"460",460,"2312B",1075,"FEMALE",2.013449487,"2312A",1145,"MALE",2.238426126,0.224976639,0.137735488,"no",1.63339631831123
"461",461,"2313A",1039,"MALE",2.996273521,"2313B",1024,"MALE",1.722326783,1.273946738,0.868664234,"high",1.46655829506617
"462",462,"2313B",1024,"MALE",1.722326783,"2313A",1039,"MALE",2.996273521,1.273946738,0.405282466,"no",3.14335517786748
"463",463,"2314A",1055,"FEMALE",1.743425649,"2314B",1086,"FEMALE",2.773736778,1.030311128,0.543799528,"no",1.89465248671566
"464",464,"2314B",1086,"FEMALE",2.773736778,"2314A",1055,"FEMALE",1.743425649,1.030311128,0.486511672,"no",2.1177521266129
"465",465,"2315A",1214,"FEMALE",2.223403713,"2315B",1146,"MALE",3.033282965,0.809879252,0.086101793,"no",9.4060672116317
"466",466,"2315B",1146,"MALE",3.033282965,"2315A",1214,"FEMALE",2.223403713,0.809879252,0.73630369,"high",1.09992556468106
"467",467,"2316A",1214,"FEMALE",1.951623959,"2316B",1059,"MALE",3.014266397,1.062642438,0.185344092,"no",5.73334939642964
"468",468,"2316B",1059,"MALE",3.014266397,"2316A",1214,"FEMALE",1.951623959,1.062642438,0.71728709,"high",1.48147436753671
"469",469,"2317A",1091,"FEMALE",1.997161185,"2317B",1175,"FEMALE",2.241897629,0.244736444,0.297972771,"no",0.821338282617776
"470",470,"2317B",1175,"FEMALE",2.241897629,"2317A",1091,"FEMALE",1.997161185,0.244736444,0.053236371,"no",4.59716617423077
"471",471,"2318A",1214,"FEMALE",2.079683544,"2318B",1178,"FEMALE",2.183373713,0.103690168,0.219452908,"no",0.472493934780759
"472",472,"2318B",1178,"FEMALE",2.183373713,"2318A",1214,"FEMALE",2.079683544,0.103690168,0.115762708,"no",0.895713047763188
"473",473,"2319A",1102,"MALE",2.296809591,"2319B",1139,"MALE",2.314252672,0.017443081,0.148278865,"no",0.117637001065526
"474",474,"2319B",1139,"MALE",2.314252672,"2319A",1102,"MALE",2.296809591,0.017443081,0.165721965,"no",0.105255093976227
"475",475,"2320A",1159,"MALE",2.531859712,"2320B",1033,"FEMALE",2.590273952,0.05841424,0.251084635,"no",0.232647609042266
"476",476,"2320B",1033,"FEMALE",2.590273952,"2320A",1159,"MALE",2.531859712,0.05841424,0.447163106,"no",0.130632959687868
"477",477,"2323A",1130,"FEMALE",1.186586282,"2323B",1167,"MALE",2.436197773,1.24961149,0.964811866,"vlow",1.29518669290496
"478",478,"2323B",1167,"MALE",2.436197773,"2323A",1130,"FEMALE",1.186586282,1.24961149,0.130632969,"no",9.56582017208841
"479",479,"2324A",1083,"FEMALE",1.866787646,"2324B",1138,"FEMALE",2.867242286,1.00045464,0.40741787,"no",2.45559832709351
"480",480,"2324B",1138,"FEMALE",2.867242286,"2324A",1083,"FEMALE",1.866787646,1.00045464,0.59303683,"no",1.68700254248965
"481",481,"2325A",1005,"FEMALE",2.346506145,"2325B",1064,"FEMALE",2.796781592,0.450275447,0.067809456,"no",6.64030466488332
"482",482,"2325B",1064,"FEMALE",2.796781592,"2325A",1005,"FEMALE",2.346506145,0.450275447,0.518084956,"no",0.869115078106997
"483",483,"2326A",1159,"MALE",2.006057364,"2326B",1059,"MALE",1.945474412,0.060582952,0.127900139,"no",0.473673855819656
"484",484,"2326B",1059,"MALE",1.945474412,"2326A",1159,"MALE",2.006057364,0.060582952,0.188483139,"no",0.321423721620001
"485",485,"2327A",1147,"MALE",1.760061118,"2327B",1117,"MALE",1.908338813,0.148277694,0.392859639,"no",0.377431732049217
"486",486,"2327B",1117,"MALE",1.908338813,"2327A",1147,"MALE",1.760061118,0.148277694,0.244581939,"no",0.606249564486444
"487",487,"2328A",1180,"FEMALE",1.684282762,"2328B",1026,"FEMALE",1.748271067,0.063988305,0.629256311,"no",0.101688777500398
"488",488,"2328B",1026,"FEMALE",1.748271067,"2328A",1180,"FEMALE",1.684282762,0.063988305,0.565268011,"no",0.113199940125393
"489",489,"2329A",1121,"MALE",1.729234752,"2329B",1126,"FEMALE",2.54059725,0.811362498,0.546693647,"no",1.48412644348874
"490",490,"2329B",1126,"FEMALE",2.54059725,"2329A",1121,"MALE",1.729234752,0.811362498,0.388794823,"no",2.08686548791829
"491",491,"2330A",1170,"MALE",1.591561738,"2330B",1016,"FEMALE",1.476223898,0.11533784,0.695669492,"low",0.16579401759938
"492",492,"2330B",1016,"FEMALE",1.476223898,"2330A",1170,"MALE",1.591561738,0.11533784,0.66515823,"vlow",0.173399102345919
"493",493,"2331A",1108,"MALE",1.809002912,"2331B",1142,"MALE",2.726046702,0.91704379,0.334403098,"no",2.74233042541968
"494",494,"2331B",1142,"MALE",2.726046702,"2331A",1108,"MALE",1.809002912,0.91704379,0.582640702,"no",1.5739439192149
"495",495,"2332A",1019,"MALE",1.677420447,"2332B",1092,"MALE",1.872260381,0.194839934,0.478859438,"no",0.406883353523879
"496",496,"2332B",1092,"MALE",1.872260381,"2332A",1019,"MALE",1.677420447,0.194839934,0.284019438,"no",0.686009152655249
"497",497,"2333A",1151,"MALE",2.657631331,"2333B",1169,"MALE",3.173963209,0.516331878,0.516429519,"no",0.999810930637371
"498",498,"2333B",1169,"MALE",3.173963209,"2333A",1151,"MALE",2.657631331,0.516331878,1.032761419,"vhigh",0.499952717540468
"499",499,"2334A",1141,"MALE",1.656329205,"2334B",1071,"FEMALE",3.086966713,1.430637508,0.615079774,"no",2.3259381440821
"500",500,"2334B",1071,"FEMALE",3.086966713,"2334A",1141,"MALE",1.656329205,1.430637508,0.932463683,"high",1.53425547190989
"501",501,"2335A",1063,"MALE",1.315182813,"2335B",1175,"FEMALE",2.229858966,0.914676153,0.97771235,"vlow",0.935526847952775
"502",502,"2335B",1175,"FEMALE",2.229858966,"2335A",1063,"MALE",1.315182813,0.914676153,0.069831,"no",13.0984255273446
"503",503,"2336A",1115,"MALE",1.655801043,"2336B",1101,"MALE",2.006060111,0.350259069,0.500917509,"no",0.699235029135306
"504",504,"2336B",1101,"MALE",2.006060111,"2336A",1115,"MALE",1.655801043,0.350259069,0.150658409,"no",2.32485575365395
"505",505,"2337A",1073,"MALE",1.459650319,"2337B",1127,"MALE",2.208249477,0.748599158,0.694299223,"vlow",1.07820826122399
"506",506,"2337B",1127,"MALE",2.208249477,"2337A",1073,"MALE",1.459650319,0.748599158,0.054299977,"no",13.7863623404481
"507",507,"2338A",1033,"FEMALE",3.115794143,"2338B",1219,"MALE",2.13676832,0.979025823,0.970591676,"vhigh",1.00868969640741
"508",508,"2338B",1219,"MALE",2.13676832,"2338A",1033,"FEMALE",3.115794143,0.979025823,0.144006765,"no",6.79847105099542
"509",509,"2339A",1022,"FEMALE",2.079784914,"2339B",1071,"FEMALE",3.15611612,1.076331206,0.194656139,"no",5.52939769343725
"510",510,"2339B",1071,"FEMALE",3.15611612,"2339A",1022,"FEMALE",2.079784914,1.076331206,0.881675061,"vhigh",1.22077991497142
"511",511,"2340A",1104,"MALE",3.24093442,"2340B",1106,"FEMALE",2.289104617,0.951829803,0.946606221,"vhigh",1.00551822065408
"512",512,"2340B",1106,"FEMALE",2.289104617,"2340A",1104,"MALE",3.24093442,0.951829803,0.146868782,"no",6.48081770706044
"513",513,"2341A",1181,"MALE",3.325311888,"2341B",1002,"FEMALE",1.848965571,1.476346316,1.031859935,"vhigh",1.43076232143852
"514",514,"2341B",1002,"FEMALE",1.848965571,"2341A",1181,"MALE",3.325311888,1.476346316,0.270210215,"no",5.46369542691049
"515",515,"2342A",1168,"MALE",1.80715364,"2342B",1028,"MALE",2.861261861,1.054108221,0.323945629,"no",3.25396648892583
"516",516,"2342B",1028,"MALE",2.861261861,"2342A",1168,"MALE",1.80715364,1.054108221,0.730162671,"no",1.44366216305791
"517",517,"2343A",1139,"MALE",1.98662293,"2343B",1178,"FEMALE",2.142153618,0.155530688,0.305628282,"no",0.508888401892074
"518",518,"2343B",1178,"FEMALE",2.142153618,"2343A",1139,"MALE",1.98662293,0.155530688,0.006253153,"no",24.8723624705808
"519",519,"2344A",1028,"MALE",2.622550852,"2344B",1055,"FEMALE",3.351891197,0.729340344,0.327755156,"no",2.22525971185637
"520",520,"2344B",1055,"FEMALE",3.351891197,"2344A",1028,"MALE",2.622550852,0.729340344,1.221879037,"vhigh",0.596900611201827
"521",521,"2345A",1060,"FEMALE",2.784645388,"2345B",1039,"MALE",2.809239949,0.024594561,0.669952823,"no",0.036710884939431
"522",522,"2345B",1039,"MALE",2.809239949,"2345A",1060,"FEMALE",2.784645388,0.024594561,0.531653812,"no",0.046260480870962
"523",523,"2346A",1041,"MALE",2.35931436,"2346B",1008,"FEMALE",3.517455478,1.158141118,0.073572282,"no",15.7415413321011
"524",524,"2346B",1008,"FEMALE",3.517455478,"2346A",1041,"MALE",2.35931436,1.158141118,1.368333174,"vhigh",0.846388248129984
"525",525,"2347A",1180,"FEMALE",1.596703575,"2347B",1020,"FEMALE",1.72516177,0.128458195,0.711472263,"low",0.18055263947795
"526",526,"2347B",1020,"FEMALE",1.72516177,"2347A",1180,"FEMALE",1.596703575,0.128458195,0.583014063,"no",0.220334642253732
"527",527,"2348A",1121,"MALE",2.090488383,"2348B",1016,"FEMALE",3.281495113,1.19100673,0.196742792,"no",6.05362319957318
"528",528,"2348B",1016,"FEMALE",3.281495113,"2348A",1121,"MALE",2.090488383,1.19100673,1.129692723,"vhigh",1.05427494198349
"529",529,"2349A",1133,"MALE",1.863061819,"2349B",1027,"FEMALE",2.841063167,0.978001348,0.428286134,"no",2.28352325784145
"530",530,"2349B",1027,"FEMALE",2.841063167,"2349A",1133,"MALE",1.863061819,0.978001348,0.690120556,"no",1.41714565592508
"531",531,"2350A",1176,"FEMALE",2.920290739,"2350B",1126,"FEMALE",2.850768858,0.06952188,0.670683972,"no",0.103658180159999
"532",532,"2350B",1126,"FEMALE",2.850768858,"2350A",1176,"FEMALE",2.920290739,0.06952188,0.601162172,"no",0.115645799483205
"533",533,"2352A",1031,"FEMALE",1.711369892,"2352B",1151,"MALE",1.336212901,0.375156991,0.446583713,"no",0.840059724703843
"534",534,"2352B",1151,"MALE",1.336212901,"2352A",1031,"FEMALE",1.711369892,0.375156991,0.961381199,"vlow",0.390227093467427
"535",535,"2353A",1124,"MALE",1.71035793,"2353B",1148,"FEMALE",2.728385083,1.018027152,0.55599305,"no",1.83100697391811
"536",536,"2353B",1148,"FEMALE",2.728385083,"2353A",1124,"MALE",1.71035793,1.018027152,0.569967006,"no",1.78611593527924
"537",537,"2354A",1083,"FEMALE",2.214211658,"2354B",1117,"MALE",1.78605764,0.428154018,0.060861216,"no",7.03492381749323
"538",538,"2354B",1117,"MALE",1.78605764,"2354A",1083,"FEMALE",2.214211658,0.428154018,0.503589501,"no",0.850204416791445
"539",539,"2355A",1074,"FEMALE",2.093991331,"2355B",1064,"FEMALE",2.849258917,0.755267586,0.188397962,"no",4.00889467158886
"540",540,"2355B",1064,"FEMALE",2.849258917,"2355A",1074,"FEMALE",2.093991331,0.755267586,0.566869638,"no",1.33234792511502
"541",541,"2356A",1033,"FEMALE",3.076013837,"2356B",1107,"FEMALE",1.79852611,1.277487726,0.789332586,"high",1.61844037438485
"542",542,"2356B",1107,"FEMALE",1.79852611,"2356A",1033,"FEMALE",3.076013837,1.277487726,0.488155114,"no",2.6169708958534
"543",543,"2358A",1013,"FEMALE",2.779677645,"2358B",1075,"FEMALE",1.84360044,0.936077205,0.499004153,"no",1.87589061007274
"544",544,"2358B",1075,"FEMALE",1.84360044,"2358A",1013,"FEMALE",2.779677645,0.936077205,0.437073047,"no",2.14169510434259
"545",545,"2359A",1019,"MALE",1.343756554,"2359B",1123,"FEMALE",1.427378125,0.083621571,0.967045333,"vlow",0.0864712006215742
"546",546,"2359B",1123,"FEMALE",1.427378125,"2359A",1019,"MALE",1.343756554,0.083621571,0.726847926,"vlow",0.115046859196789
"547",547,"2360A",1233,"FEMALE",2.337451632,"2360B",1128,"MALE",1.532779143,0.804672489,0.189498552,"no",4.24632526479675
"548",548,"2360B",1128,"MALE",1.532779143,"2360A",1233,"FEMALE",2.337451632,0.804672489,0.758782284,"low",1.06047875124085
"549",549,"2361A",1181,"MALE",1.969209693,"2361B",1042,"FEMALE",1.630911436,0.338298257,0.334210626,"no",1.01223070328111
"550",550,"2361B",1042,"FEMALE",1.630911436,"2361A",1181,"MALE",1.969209693,0.338298257,0.488264415,"no",0.692858718774335
"551",551,"2362A",1141,"MALE",2.369542143,"2362B",1026,"FEMALE",1.520937494,0.848604649,0.070824834,"no",11.9817386229243
"552",552,"2362B",1026,"FEMALE",1.520937494,"2362A",1141,"MALE",2.369542143,0.848604649,0.633565517,"low",1.33941104152611
"553",553,"2363A",1060,"FEMALE",3.098754432,"2363B",1023,"MALE",2.930992244,0.167762188,0.961598378,"vhigh",0.174461804260656
"554",554,"2363B",1023,"MALE",2.930992244,"2363A",1060,"FEMALE",3.098754432,0.167762188,0.653406112,"no",0.256750258252864
"555",555,"2365A",1039,"MALE",2.995813,"2365B",1086,"FEMALE",2.708895458,0.286917542,0.712974959,"high",0.402423028155748
"556",556,"2365B",1086,"FEMALE",2.708895458,"2365A",1039,"MALE",2.995813,0.286917542,0.594202923,"no",0.48286120935154
"557",557,"2366A",1119,"MALE",1.719582727,"2366B",1069,"MALE",1.916136833,0.196554106,0.434217086,"no",0.452663223851122
"558",558,"2366B",1069,"MALE",1.916136833,"2366A",1119,"MALE",1.719582727,0.196554106,0.237662986,"no",0.827028681698041
"559",559,"2367A",1063,"MALE",1.411572692,"2367B",1115,"MALE",1.934752057,0.523179365,0.754959914,"vlow",0.692989594941593
"560",560,"2367B",1115,"MALE",1.934752057,"2367A",1063,"MALE",1.411572692,0.523179365,0.231780514,"no",2.25721893515173
"561",561,"2368A",1069,"MALE",2.248817889,"2368B",1260,"FEMALE",1.765624769,0.48319312,0.042024244,"no",11.4979610341116
"562",562,"2368B",1260,"FEMALE",1.765624769,"2368A",1069,"MALE",2.248817889,0.48319312,0.376682758,"no",1.28275879301064
"563",563,"2369A",1069,"MALE",2.076966142,"2369B",1127,"MALE",1.913781131,0.163185011,0.066531587,"no",2.4527449044617
"564",564,"2369B",1127,"MALE",1.913781131,"2369A",1069,"MALE",2.076966142,0.163185011,0.229716587,"no",0.710375394006703
"565",565,"2370A",1138,"FEMALE",2.868920764,"2370B",1084,"MALE",1.7784418,1.090478964,0.721468294,"no",1.51147177647144
"566",566,"2370B",1084,"MALE",1.7784418,"2370A",1138,"FEMALE",2.868920764,1.090478964,0.496786215,"no",2.19506687398723
"567",567,"2371A",1146,"MALE",3.005897913,"2371B",1106,"FEMALE",2.166819992,0.83907792,0.711569721,"high",1.17919283976953
"568",568,"2371B",1106,"FEMALE",2.166819992,"2371A",1146,"MALE",3.005897913,0.83907792,0.029518093,"no",28.4258851003688
"569",569,"2372A",1055,"FEMALE",1.582073557,"2372B",1135,"FEMALE",2.531317046,0.949243489,0.706574632,"low",1.34344405531955
"570",570,"2372B",1135,"FEMALE",2.531317046,"2372A",1055,"FEMALE",1.582073557,0.949243489,0.242668768,"no",3.91168380184796
"571",571,"2373A",1120,"FEMALE",1.821955257,"2373B",1209,"MALE",3.006008325,1.184053068,0.318002469,"no",3.72340841164979
"572",572,"2373B",1209,"MALE",3.006008325,"2373A",1120,"FEMALE",1.821955257,1.184053068,0.707134623,"high",1.67443797756174
"573",573,"2374A",1102,"MALE",2.373059653,"2374B",1024,"MALE",1.5514968,0.821562853,0.213802585,"no",3.84262357258216
"574",574,"2374B",1024,"MALE",1.5514968,"2374A",1102,"MALE",2.373059653,0.821562853,0.607760315,"low",1.35178759244917
"575",575,"2375A",1130,"FEMALE",1.583950267,"2375B",1157,"FEMALE",2.007922952,0.423972686,0.724521075,"low",0.585176471229633
"576",576,"2375B",1157,"FEMALE",2.007922952,"2375A",1130,"FEMALE",1.583950267,0.423972686,0.300548375,"no",1.41066371095834
"577",577,"2376A",1133,"MALE",2.168794117,"2376B",1064,"FEMALE",3.051188141,0.882394025,0.111966931,"no",7.88084497019928
"578",578,"2376B",1064,"FEMALE",3.051188141,"2376A",1133,"MALE",2.168794117,0.882394025,0.900245456,"high",0.980170484748328
"579",579,"2377A",1041,"MALE",1.590072213,"2377B",1096,"FEMALE",1.574055207,0.016017006,0.703224556,"low",0.0227765169224267
"580",580,"2377B",1096,"FEMALE",1.574055207,"2377A",1041,"MALE",1.590072213,0.016017006,0.575067126,"low",0.0278524110940051
"581",581,"2378A",1121,"MALE",1.780175743,"2378B",1102,"MALE",1.512426052,0.267749691,0.371805034,"no",0.720134657993899
"582",582,"2378B",1102,"MALE",1.512426052,"2378A",1121,"MALE",1.780175743,0.267749691,0.639554634,"low",0.418650224337207
"583",583,"2379A",1110,"MALE",1.587634189,"2379B",1117,"MALE",1.527523476,0.060110712,0.574591704,"low",0.104614653468787
"584",584,"2379B",1117,"MALE",1.527523476,"2379A",1110,"MALE",1.587634189,0.060110712,0.634702404,"low",0.0947069234670805
"585",585,"2380A",1132,"FEMALE",1.358712267,"2380B",1035,"FEMALE",2.57830071,1.219588443,0.938422559,"vlow",1.29961543582202
"586",586,"2380B",1035,"FEMALE",2.57830071,"2380A",1132,"FEMALE",1.358712267,1.219588443,0.281165841,"no",4.33761241643859
"587",587,"2381A",1151,"MALE",1.845944993,"2381B",1098,"FEMALE",1.84006834,0.005876653,0.447028418,"no",0.0131460389616662
"588",588,"2381B",1098,"FEMALE",1.84006834,"2381A",1151,"MALE",1.845944993,0.005876653,0.317885313,"no",0.0184867081292302
"589",589,"2382A",1170,"MALE",2.083911878,"2382B",1149,"FEMALE",2.172066333,0.088154455,0.203905466,"no",0.432330023953355
"590",590,"2382B",1149,"FEMALE",2.172066333,"2382A",1170,"MALE",2.083911878,0.088154455,0.03068417,"no",2.87296201917797
"591",591,"2383A",1176,"FEMALE",3.079430423,"2383B",1061,"MALE",3.149298953,0.06986853,0.945802574,"high",0.0738722138432243
"592",592,"2383B",1061,"MALE",3.149298953,"2383A",1176,"FEMALE",3.079430423,0.06986853,0.8842346,"vhigh",0.0790158290571303
"593",593,"2384A",1233,"FEMALE",1.794433667,"2384B",1181,"MALE",3.107289093,1.312855426,0.324742115,"no",4.04276305831167
"594",594,"2384B",1181,"MALE",3.107289093,"2384A",1233,"FEMALE",1.794433667,1.312855426,0.815727716,"vhigh",1.60942848973885
"595",595,"2386A",1071,"FEMALE",2.751567854,"2386B",1400,"FEMALE",2.335780813,0.415787041,0.480353992,"no",0.865584647831968
"596",596,"2386B",1400,"FEMALE",2.335780813,"2386A",1071,"FEMALE",2.751567854,0.415787041,0.064566892,"no",6.43963226540314
"597",597,"2387A",1022,"FEMALE",2.360944276,"2387B",1072,"FEMALE",2.097792321,0.263151954,0.065142942,"no",4.03960806682633
"598",598,"2387B",1072,"FEMALE",2.097792321,"2387A",1022,"FEMALE",2.360944276,0.263151954,0.198009058,"no",1.32898947481483
"599",599,"2388A",1115,"MALE",2.012934658,"2388B",1023,"MALE",2.916251289,0.903316631,0.130155359,"no",6.94029533582248
"600",600,"2388B",1023,"MALE",2.916251289,"2388A",1115,"MALE",2.012934658,0.903316631,0.773161241,"no",1.16834184526847
"601",601,"2389A",1120,"FEMALE",1.69832836,"2389B",1042,"FEMALE",1.740468103,0.042139743,0.614208448,"no",0.0686082113282818
"602",602,"2389B",1042,"FEMALE",1.740468103,"2389A",1120,"FEMALE",1.69832836,0.042139743,0.572068748,"no",0.0736620260192924
"603",603,"2390A",1214,"FEMALE",2.006701221,"2390B",1126,"FEMALE",3.016506285,1.009805063,0.27571247,"no",3.66252952940431
"604",604,"2390B",1126,"FEMALE",3.016506285,"2390A",1214,"FEMALE",2.006701221,1.009805063,0.73409263,"high",1.37558261959393
"605",605,"2392A",1033,"FEMALE",2.915326467,"2392B",1039,"MALE",2.91469175,0.000634717,0.800633923,"no",0.000792768057618263
"606",606,"2392B",1039,"MALE",2.91469175,"2392A",1033,"FEMALE",2.915326467,0.000634717,0.633916635,"no",0.00100126257137896
"607",607,"2393A",1148,"FEMALE",2.799279394,"2393B",1068,"FEMALE",1.670046973,1.129232421,0.526984237,"no",2.14282011057572
"608",608,"2393B",1068,"FEMALE",1.670046973,"2393A",1148,"FEMALE",2.799279394,1.129232421,0.602248163,"no",1.87502841914023
"609",609,"2394A",1145,"MALE",2.681490644,"2394B",1024,"MALE",1.530360632,1.151130012,0.516860255,"no",2.22715908384172
"610",610,"2394B",1024,"MALE",1.530360632,"2394A",1145,"MALE",2.681490644,1.151130012,0.634269745,"low",1.81489030664706
"611",611,"2395A",1055,"FEMALE",1.745279308,"2395B",1162,"MALE",1.734686657,0.010592651,0.40200539,"no",0.0263495248160727
"612",612,"2395B",1162,"MALE",1.734686657,"2395A",1055,"FEMALE",1.745279308,0.010592651,0.560109044,"no",0.0189117656882541
"613",613,"2396A",1138,"FEMALE",2.981673682,"2396B",1178,"FEMALE",2.082424315,0.899249366,0.704566153,"high",1.27631644263786
"614",614,"2396B",1178,"FEMALE",2.082424315,"2396A",1138,"FEMALE",2.981673682,0.899249366,0.194683247,"no",4.61903825756512
"615",615,"2397A",1093,"FEMALE",2.996467017,"2397B",1014,"FEMALE",2.869176357,0.12729066,0.715651226,"high",0.177866892943742
"616",616,"2397B",1014,"FEMALE",2.869176357,"2397A",1093,"FEMALE",2.996467017,0.12729066,0.588360626,"no",0.216348025980923
"617",617,"2398A",1139,"MALE",2.025404252,"2398B",1219,"MALE",2.1008699,0.075465648,0.122271876,"no",0.617195470199541
"618",618,"2398B",1219,"MALE",2.1008699,"2398A",1139,"MALE",2.025404252,0.075465648,0.046806276,"no",1.61229763290718
"619",619,"2399A",1047,"MALE",1.632397727,"2399B",1101,"MALE",2.010337104,0.377939377,0.521154577,"no",0.725196311573409
"620",620,"2399B",1101,"MALE",2.010337104,"2399A",1047,"MALE",1.632397727,0.377939377,0.143215177,"no",2.63896177009229
"621",621,"2401A",1103,"MALE",2.056673896,"2401B",1175,"FEMALE",1.80690744,0.249766457,0.23622125,"no",1.05734118755192
"622",622,"2401B",1175,"FEMALE",1.80690744,"2401A",1103,"MALE",2.056673896,0.249766457,0.339504781,"no",0.73567876206138
"623",623,"2402A",1180,"FEMALE",1.883200108,"2402B",1090,"MALE",2.105432676,0.222232568,0.264105816,"no",0.841452760737386
"624",624,"2402B",1090,"MALE",2.105432676,"2402A",1180,"FEMALE",1.883200108,0.222232568,0.199200997,"no",1.11561975766617
"625",625,"2403A",1031,"FEMALE",1.827593456,"2403B",1208,"FEMALE",1.986945945,0.159352489,0.470927907,"no",0.338379795784751
"626",626,"2403B",1208,"FEMALE",1.986945945,"2403A",1031,"FEMALE",1.827593456,0.159352489,0.311575507,"no",0.511441000399303
"627",627,"2404A",1075,"FEMALE",2.104978539,"2404B",1148,"FEMALE",2.875706252,0.770727713,0.167729507,"no",4.59506336592285
"628",628,"2404B",1148,"FEMALE",2.875706252,"2404A",1075,"FEMALE",2.104978539,0.770727713,0.602998293,"no",1.27815902954803
"629",629,"2405A",1096,"FEMALE",1.805681869,"2405B",1176,"FEMALE",2.902509066,1.096827197,0.462070517,"no",2.37372253075389
"630",630,"2405B",1176,"FEMALE",2.902509066,"2405A",1096,"FEMALE",1.805681869,1.096827197,0.634756683,"no",1.72794903366145
"631",631,"2406A",1103,"MALE",2.08966773,"2406B",1092,"MALE",1.826209441,0.263458289,0.05871908,"no",4.48675777958374
"632",632,"2406B",1092,"MALE",1.826209441,"2406A",1103,"MALE",2.08966773,0.263458289,0.32217738,"no",0.817742974382621
"633",633,"2407A",1149,"FEMALE",3.126455797,"2407B",1016,"FEMALE",1.593075344,1.533380453,0.841756159,"vhigh",1.82164447103261
"634",634,"2407B",1016,"FEMALE",1.593075344,"2407A",1149,"FEMALE",3.126455797,1.533380453,0.691624341,"low",2.21707126557016
"635",635,"2408A",1133,"MALE",1.887016285,"2408B",1151,"MALE",1.434312,0.452704285,0.27643857,"no",1.63763068590609
"636",636,"2408B",1151,"MALE",1.434312,"2408A",1133,"MALE",1.887016285,0.452704285,0.72914287,"vlow",0.620871853276162
"637",637,"2409A",1106,"FEMALE",1.891620713,"2409B",1147,"MALE",1.537392333,0.35422838,0.253714413,"no",1.39616971622341
"638",638,"2409B",1147,"MALE",1.537392333,"2409A",1106,"FEMALE",1.891620713,0.35422838,0.756935879,"low",0.467976733337012
"639",639,"2410A",1083,"FEMALE",2.392935554,"2410B",1126,"FEMALE",2.958143924,0.565208369,0.118013347,"no",4.78935970691519
"640",640,"2410B",1126,"FEMALE",2.958143924,"2410A",1083,"FEMALE",2.392935554,0.565208369,0.683221647,"high",0.827269410273823
"641",641,"2411A",1063,"MALE",1.428584174,"2411B",1033,"FEMALE",1.998250868,0.569666695,0.852190865,"vlow",0.66847313013617
"642",642,"2411B",1033,"FEMALE",1.998250868,"2411A",1063,"MALE",1.428584174,0.569666695,0.1617771,"no",3.52130613665346
"643",643,"2413A",1022,"FEMALE",2.18516075,"2413B",1039,"MALE",2.804069872,0.618909122,0.070468223,"no",8.7828115376203
"644",644,"2413B",1039,"MALE",2.804069872,"2413A",1022,"FEMALE",2.18516075,0.618909122,0.510495886,"no",1.21236848126138
"645",645,"2415A",1060,"FEMALE",2.923499213,"2415B",1209,"MALE",3.0960201,0.172520887,0.783541431,"no",0.22018093769441
"646",646,"2415B",1209,"MALE",3.0960201,"2415A",1060,"FEMALE",2.923499213,0.172520887,0.818434012,"vhigh",0.210793887436829
